,Year,Month,Trap,Latitude,Longitude,WnvPresent
0,2008,6,T001,41.953705,-87.733974,0
1,2008,6,T002,41.95469,-87.800991,0
2,2008,6,T003,41.964242,-87.757639,0
3,2008,6,T004,41.962728,-87.748367,0
4,2008,6,T006,41.990284,-87.797127,0
5,2008,6,T007,41.994991,-87.769279,0
6,2008,6,T008,42.008314,-87.777921,0
7,2008,6,T009,41.981964,-87.812827,0
8,2008,6,T011,41.944869,-87.832763,0
9,2008,6,T012,41.991429,-87.747113,0
10,2008,6,T013,41.923738,-87.785288,0
11,2008,6,T014,41.970248,-87.787992,0
12,2008,6,T015,41.974089,-87.824812,0
13,2008,6,T016,42.011601,-87.811506,0
14,2008,6,T017,41.960616,-87.777189,0
15,2008,6,T018,42.010412,-87.66214,0
16,2008,6,T019,41.94983,-87.698457,0
17,2008,6,T025,41.979243,-87.750938,0
18,2008,6,T027,41.984809,-87.728492,0
19,2008,6,T028,41.986921,-87.689778,0
20,2008,6,T030,41.89923,-87.716788,0
21,2008,6,T031,41.801498,-87.763416,0
22,2008,6,T033,41.906638,-87.701431,0
23,2008,6,T034,41.843811,-87.686763,0
24,2008,6,T035,41.836644,-87.677737,0
25,2008,6,T036,41.837085,-87.729384,0
26,2008,6,T037,41.921177,-87.79518,0
27,2008,6,T039,41.911824,-87.726737,0
28,2008,6,T040,41.852652,-87.719887,0
29,2008,6,T043,41.857402,-87.694991,0
30,2008,6,T044,41.883284,-87.705085,0
31,2008,6,T045,41.9216,-87.666455,0
32,2008,6,T046,41.891118,-87.654491,0
33,2008,6,T047,41.868142,-87.696269,0
34,2008,6,T048,41.867108,-87.654224,0
35,2008,6,T049,41.896282,-87.655232,0
36,2008,6,T050,41.919343,-87.694259,0
37,2008,6,T051,41.846283,-87.656913,0
38,2008,6,T054,41.921965,-87.632085,0
39,2008,6,T060,41.823065,-87.678378,0
40,2008,6,T061,41.801179,-87.679447,0
41,2008,6,T062,41.800737,-87.71188,0
42,2008,6,T063,41.82561,-87.726549,0
43,2008,6,T065,41.778297,-87.752411,0
44,2008,6,T066,41.77166,-87.703047,0
45,2008,6,T067,41.759346,-87.745602,0
46,2008,6,T069,41.768388,-87.678649,0
47,2008,6,T070,41.797616,-87.797894,0
48,2008,6,T071,41.781416,-87.776532,0
49,2008,6,T072,41.74785,-87.702716,0
50,2008,6,T073,41.773215,-87.60088,0
51,2008,6,T074,41.822536,-87.666343,0
52,2008,6,T075,41.799282,-87.585487,0
53,2008,6,T076,41.794781,-87.615989,0
54,2008,6,T077,41.778748,-87.586427,0
55,2008,6,T078,41.775051,-87.655356,0
56,2008,6,T079,41.766202,-87.562889,0
57,2008,6,T080,41.754676,-87.612922,0
58,2008,6,T081,41.821582,-87.627796,0
59,2008,6,T082,41.803423,-87.642984,0
60,2008,6,T083,41.754292,-87.590773,0
61,2008,6,T084,41.692555,-87.598865,0
62,2008,6,T085,41.721474,-87.648064,0
63,2008,6,T086,41.688324,-87.676709,0
64,2008,6,T088,41.869107,-87.696293,0
65,2008,6,T089,41.723195,-87.64997,0
66,2008,6,T090,41.868077,-87.666901,0
67,2008,6,T091,41.862292,-87.64886,0
68,2008,6,T092,41.869216,-87.627561,0
69,2008,6,T094,41.720848,-87.666014,0
70,2008,6,T095,41.704336,-87.703736,0
71,2008,6,T096,41.731922,-87.677512,0
72,2008,6,T097,41.644612,-87.604498,0
73,2008,6,T099,41.733643,-87.55551,0
74,2008,6,T100,41.717753,-87.531657,0
75,2008,6,T102,41.750498,-87.605294,0
76,2008,6,T103,41.702724,-87.536497,0
77,2008,6,T107,41.729669,-87.582699,0
78,2008,6,T114,41.798697,-87.736812,0
79,2008,6,T115,41.673408,-87.599862,0
80,2008,6,T128,41.704572,-87.565666,0
81,2008,6,T129,41.891126,-87.61156,0
82,2008,6,T135,41.662014,-87.724608,0
83,2008,6,T138,41.726465,-87.585413,0
84,2008,6,T141,41.961743,-87.76007,0
85,2008,6,T142,41.953067,-87.776792,0
86,2008,6,T143,41.999129,-87.795585,0
87,2008,6,T144,41.94016,-87.794896,0
88,2008,6,T145,41.878114,-87.629798,0
89,2008,6,T146,41.958271,-87.702575,0
90,2008,6,T147,41.932094,-87.700117,0
91,2008,6,T148,42.01743,-87.687769,0
92,2008,6,T149,41.994469,-87.667736,0
93,2008,6,T150,42.006858,-87.675919,0
94,2008,6,T151,41.916265,-87.800515,0
95,2008,6,T152,41.846075,-87.716277,0
96,2008,6,T153,41.907645,-87.760886,0
97,2008,6,T154,41.918705,-87.752329,0
98,2008,6,T155,41.776156,-87.778927,0
99,2008,6,T156,41.772846,-87.740029,0
100,2008,6,T157,41.825902,-87.667827,0
101,2008,6,T158,41.682587,-87.707973,0
102,2008,6,T159,41.732984,-87.649642,0
103,2008,6,T160,41.903002,-87.688267,0
104,2008,6,T161,41.719059,-87.675088,0
105,2008,6,T162,41.725517,-87.614258,0
106,2008,6,T200,41.678618,-87.559308,0
107,2008,6,T206,41.737052,-87.543067,0
108,2008,6,T209,41.740641,-87.546587,0
109,2008,6,T212,41.680946,-87.535198,0
110,2008,6,T215,41.686398,-87.531635,0
111,2008,6,T218,41.948167,-87.730698,0
112,2008,6,T219,41.966987,-87.674677,0
113,2008,6,T220,41.963976,-87.69181,0
114,2008,6,T221,41.659112,-87.538693,0
115,2008,6,T222,41.933652,-87.738416,0
116,2008,6,T223,41.973845,-87.805059,0
117,2008,6,T224,41.947227,-87.671457,0
118,2008,6,T225,41.743402,-87.731435,0
119,2008,6,T226,41.793818,-87.654234,0
120,2008,6,T227,41.728495,-87.600963,0
121,2008,6,T228,41.951866,-87.725057,0
122,2008,6,T229,41.753411,-87.639817,0
123,2008,6,T230,41.904194,-87.756155,0
124,2008,6,T231,41.98728,-87.666066,0
125,2008,6,T232,41.912563,-87.668055,0
126,2008,6,T233,42.009876,-87.807277,0
127,2008,6,T234,41.942114,-87.776385,0
128,2008,6,T235,41.776428,-87.627096,0
129,2008,6,T236,41.994679,-87.770899,0
130,2008,6,T237,41.738903,-87.695443,0
131,2008,6,T238,41.753391,-87.707394,0
132,2008,6,T900,41.974689,-87.890615,0
133,2008,6,T903,41.957799,-87.930995,0
134,2008,7,T001,41.953705,-87.733974,1
135,2008,7,T002,41.95469,-87.800991,1
136,2008,7,T003,41.964242,-87.757639,1
137,2008,7,T004,41.962728,-87.748367,1
138,2008,7,T006,41.990284,-87.797127,1
139,2008,7,T007,41.994991,-87.769279,1
140,2008,7,T008,42.008314,-87.777921,1
141,2008,7,T009,41.981964,-87.812827,1
142,2008,7,T011,41.944869,-87.832763,1
143,2008,7,T012,41.991429,-87.747113,0
144,2008,7,T013,41.923738,-87.785288,1
145,2008,7,T014,41.970248,-87.787992,1
146,2008,7,T015,41.974089,-87.824812,1
147,2008,7,T016,42.011601,-87.811506,1
148,2008,7,T017,41.960616,-87.777189,0
149,2008,7,T018,42.010412,-87.66214,0
150,2008,7,T019,41.94983,-87.698457,0
151,2008,7,T025,41.979243,-87.750938,1
152,2008,7,T027,41.984809,-87.728492,0
153,2008,7,T028,41.986921,-87.689778,1
154,2008,7,T030,41.89923,-87.716788,0
155,2008,7,T031,41.801498,-87.763416,1
156,2008,7,T033,41.906638,-87.701431,0
157,2008,7,T034,41.843811,-87.686763,1
158,2008,7,T035,41.836644,-87.677737,1
159,2008,7,T036,41.837085,-87.729384,1
160,2008,7,T037,41.921177,-87.79518,1
161,2008,7,T039,41.911824,-87.726737,0
162,2008,7,T040,41.852652,-87.719887,1
163,2008,7,T043,41.857402,-87.694991,0
164,2008,7,T044,41.883284,-87.705085,1
165,2008,7,T045,41.9216,-87.666455,0
166,2008,7,T046,41.891118,-87.654491,0
167,2008,7,T047,41.868142,-87.696269,0
168,2008,7,T048,41.867108,-87.654224,1
169,2008,7,T049,41.896282,-87.655232,0
170,2008,7,T050,41.919343,-87.694259,0
171,2008,7,T051,41.846283,-87.656913,1
172,2008,7,T054,41.921965,-87.632085,0
173,2008,7,T060,41.823065,-87.678378,1
174,2008,7,T061,41.801179,-87.679447,1
175,2008,7,T062,41.800737,-87.71188,1
176,2008,7,T063,41.82561,-87.726549,1
177,2008,7,T065,41.778297,-87.752411,1
178,2008,7,T066,41.77166,-87.703047,0
179,2008,7,T067,41.759346,-87.745602,1
180,2008,7,T069,41.768388,-87.678649,0
181,2008,7,T070,41.797616,-87.797894,1
182,2008,7,T071,41.781416,-87.776532,1
183,2008,7,T072,41.74785,-87.702716,1
184,2008,7,T073,41.773215,-87.60088,1
185,2008,7,T074,41.822536,-87.666343,1
186,2008,7,T075,41.799282,-87.585487,0
187,2008,7,T076,41.794781,-87.615989,1
188,2008,7,T077,41.778748,-87.586427,0
189,2008,7,T078,41.775051,-87.655356,1
190,2008,7,T079,41.766202,-87.562889,0
191,2008,7,T080,41.754676,-87.612922,0
192,2008,7,T081,41.821582,-87.627796,1
193,2008,7,T082,41.803423,-87.642984,1
194,2008,7,T083,41.754292,-87.590773,0
195,2008,7,T084,41.692555,-87.598865,1
196,2008,7,T085,41.721474,-87.648064,1
197,2008,7,T086,41.688324,-87.676709,1
198,2008,7,T088,41.869107,-87.696293,1
199,2008,7,T089,41.723195,-87.64997,0
200,2008,7,T090,41.868077,-87.666901,1
201,2008,7,T091,41.862292,-87.64886,1
202,2008,7,T092,41.869216,-87.627561,0
203,2008,7,T094,41.720848,-87.666014,0
204,2008,7,T095,41.704336,-87.703736,1
205,2008,7,T096,41.731922,-87.677512,1
206,2008,7,T097,41.644612,-87.604498,1
207,2008,7,T099,41.733643,-87.55551,1
208,2008,7,T100,41.717753,-87.531657,0
209,2008,7,T102,41.750498,-87.605294,0
210,2008,7,T103,41.702724,-87.536497,1
211,2008,7,T107,41.729669,-87.582699,1
212,2008,7,T114,41.798697,-87.736812,1
213,2008,7,T115,41.673408,-87.599862,1
214,2008,7,T128,41.704572,-87.565666,1
215,2008,7,T129,41.891126,-87.61156,0
216,2008,7,T135,41.662014,-87.724608,1
217,2008,7,T138,41.726465,-87.585413,1
218,2008,7,T141,41.961743,-87.76007,1
219,2008,7,T142,41.953067,-87.776792,1
220,2008,7,T143,41.999129,-87.795585,1
221,2008,7,T144,41.94016,-87.794896,1
222,2008,7,T145,41.878114,-87.629798,0
223,2008,7,T146,41.958271,-87.702575,1
224,2008,7,T147,41.932094,-87.700117,0
225,2008,7,T148,42.01743,-87.687769,0
226,2008,7,T149,41.994469,-87.667736,0
227,2008,7,T150,42.006858,-87.675919,0
228,2008,7,T151,41.916265,-87.800515,0
229,2008,7,T152,41.846075,-87.716277,0
230,2008,7,T153,41.907645,-87.760886,1
231,2008,7,T154,41.918705,-87.752329,1
232,2008,7,T155,41.776156,-87.778927,1
233,2008,7,T156,41.772846,-87.740029,1
234,2008,7,T157,41.825902,-87.667827,1
235,2008,7,T158,41.682587,-87.707973,1
236,2008,7,T159,41.732984,-87.649642,0
237,2008,7,T160,41.903002,-87.688267,1
238,2008,7,T161,41.719059,-87.675088,1
239,2008,7,T162,41.725517,-87.614258,1
240,2008,7,T200,41.678618,-87.559308,0
241,2008,7,T206,41.737052,-87.543067,0
242,2008,7,T209,41.740641,-87.546587,1
243,2008,7,T212,41.680946,-87.535198,1
244,2008,7,T215,41.686398,-87.531635,1
245,2008,7,T218,41.948167,-87.730698,0
246,2008,7,T219,41.966987,-87.674677,0
247,2008,7,T220,41.963976,-87.69181,1
248,2008,7,T221,41.659112,-87.538693,1
249,2008,7,T222,41.933652,-87.738416,1
250,2008,7,T223,41.973845,-87.805059,1
251,2008,7,T224,41.947227,-87.671457,0
252,2008,7,T225,41.743402,-87.731435,1
253,2008,7,T226,41.793818,-87.654234,1
254,2008,7,T227,41.728495,-87.600963,1
255,2008,7,T228,41.951866,-87.725057,1
256,2008,7,T229,41.753411,-87.639817,1
257,2008,7,T230,41.904194,-87.756155,1
258,2008,7,T231,41.98728,-87.666066,0
259,2008,7,T232,41.912563,-87.668055,0
260,2008,7,T233,42.009876,-87.807277,1
261,2008,7,T234,41.942114,-87.776385,1
262,2008,7,T235,41.776428,-87.627096,1
263,2008,7,T236,41.994679,-87.770899,1
264,2008,7,T237,41.738903,-87.695443,1
265,2008,7,T238,41.753391,-87.707394,1
266,2008,7,T900,41.974689,-87.890615,1
267,2008,7,T903,41.957799,-87.930995,1
268,2008,8,T001,41.953705,-87.733974,1
269,2008,8,T002,41.95469,-87.800991,1
270,2008,8,T003,41.964242,-87.757639,1
271,2008,8,T004,41.962728,-87.748367,1
272,2008,8,T006,41.990284,-87.797127,1
273,2008,8,T007,41.994991,-87.769279,1
274,2008,8,T008,42.008314,-87.777921,1
275,2008,8,T009,41.981964,-87.812827,1
276,2008,8,T011,41.944869,-87.832763,1
277,2008,8,T012,41.991429,-87.747113,1
278,2008,8,T013,41.923738,-87.785288,1
279,2008,8,T014,41.970248,-87.787992,1
280,2008,8,T015,41.974089,-87.824812,1
281,2008,8,T016,42.011601,-87.811506,1
282,2008,8,T017,41.960616,-87.777189,1
283,2008,8,T018,42.010412,-87.66214,1
284,2008,8,T019,41.94983,-87.698457,1
285,2008,8,T025,41.979243,-87.750938,1
286,2008,8,T027,41.984809,-87.728492,0
287,2008,8,T028,41.986921,-87.689778,1
288,2008,8,T030,41.89923,-87.716788,0
289,2008,8,T031,41.801498,-87.763416,1
290,2008,8,T033,41.906638,-87.701431,1
291,2008,8,T034,41.843811,-87.686763,1
292,2008,8,T035,41.836644,-87.677737,1
293,2008,8,T036,41.837085,-87.729384,1
294,2008,8,T037,41.921177,-87.79518,1
295,2008,8,T039,41.911824,-87.726737,1
296,2008,8,T040,41.852652,-87.719887,1
297,2008,8,T043,41.857402,-87.694991,0
298,2008,8,T044,41.883284,-87.705085,1
299,2008,8,T045,41.9216,-87.666455,1
300,2008,8,T046,41.891118,-87.654491,0
301,2008,8,T047,41.868142,-87.696269,0
302,2008,8,T048,41.867108,-87.654224,1
303,2008,8,T049,41.896282,-87.655232,1
304,2008,8,T050,41.919343,-87.694259,1
305,2008,8,T051,41.846283,-87.656913,1
306,2008,8,T054,41.921965,-87.632085,0
307,2008,8,T060,41.823065,-87.678378,1
308,2008,8,T061,41.801179,-87.679447,1
309,2008,8,T062,41.800737,-87.71188,1
310,2008,8,T063,41.82561,-87.726549,1
311,2008,8,T065,41.778297,-87.752411,1
312,2008,8,T066,41.77166,-87.703047,1
313,2008,8,T067,41.759346,-87.745602,1
314,2008,8,T069,41.768388,-87.678649,0
315,2008,8,T070,41.797616,-87.797894,1
316,2008,8,T071,41.781416,-87.776532,1
317,2008,8,T072,41.74785,-87.702716,1
318,2008,8,T073,41.773215,-87.60088,1
319,2008,8,T074,41.822536,-87.666343,1
320,2008,8,T075,41.799282,-87.585487,1
321,2008,8,T076,41.794781,-87.615989,1
322,2008,8,T077,41.778748,-87.586427,1
323,2008,8,T078,41.775051,-87.655356,1
324,2008,8,T079,41.766202,-87.562889,0
325,2008,8,T080,41.754676,-87.612922,1
326,2008,8,T081,41.821582,-87.627796,1
327,2008,8,T082,41.803423,-87.642984,1
328,2008,8,T083,41.754292,-87.590773,1
329,2008,8,T084,41.692555,-87.598865,1
330,2008,8,T085,41.721474,-87.648064,1
331,2008,8,T086,41.688324,-87.676709,1
332,2008,8,T088,41.869107,-87.696293,1
333,2008,8,T089,41.723195,-87.64997,1
334,2008,8,T090,41.868077,-87.666901,1
335,2008,8,T091,41.862292,-87.64886,1
336,2008,8,T092,41.869216,-87.627561,1
337,2008,8,T094,41.720848,-87.666014,1
338,2008,8,T095,41.704336,-87.703736,1
339,2008,8,T096,41.731922,-87.677512,1
340,2008,8,T097,41.644612,-87.604498,1
341,2008,8,T099,41.733643,-87.55551,1
342,2008,8,T100,41.717753,-87.531657,1
343,2008,8,T102,41.750498,-87.605294,1
344,2008,8,T103,41.702724,-87.536497,1
345,2008,8,T107,41.729669,-87.582699,1
346,2008,8,T114,41.798697,-87.736812,1
347,2008,8,T115,41.673408,-87.599862,1
348,2008,8,T128,41.704572,-87.565666,1
349,2008,8,T129,41.891126,-87.61156,1
350,2008,8,T135,41.662014,-87.724608,1
351,2008,8,T138,41.726465,-87.585413,1
352,2008,8,T141,41.961743,-87.76007,1
353,2008,8,T142,41.953067,-87.776792,1
354,2008,8,T143,41.999129,-87.795585,1
355,2008,8,T144,41.94016,-87.794896,1
356,2008,8,T145,41.878114,-87.629798,1
357,2008,8,T146,41.958271,-87.702575,1
358,2008,8,T147,41.932094,-87.700117,1
359,2008,8,T148,42.01743,-87.687769,1
360,2008,8,T149,41.994469,-87.667736,1
361,2008,8,T150,42.006858,-87.675919,1
362,2008,8,T151,41.916265,-87.800515,1
363,2008,8,T152,41.846075,-87.716277,1
364,2008,8,T153,41.907645,-87.760886,1
365,2008,8,T154,41.918705,-87.752329,1
366,2008,8,T155,41.776156,-87.778927,1
367,2008,8,T156,41.772846,-87.740029,1
368,2008,8,T157,41.825902,-87.667827,1
369,2008,8,T158,41.682587,-87.707973,1
370,2008,8,T159,41.732984,-87.649642,1
371,2008,8,T160,41.903002,-87.688267,1
372,2008,8,T161,41.719059,-87.675088,1
373,2008,8,T162,41.725517,-87.614258,1
374,2008,8,T200,41.678618,-87.559308,1
375,2008,8,T206,41.737052,-87.543067,1
376,2008,8,T209,41.740641,-87.546587,1
377,2008,8,T212,41.680946,-87.535198,1
378,2008,8,T215,41.686398,-87.531635,1
379,2008,8,T218,41.948167,-87.730698,0
380,2008,8,T219,41.966987,-87.674677,1
381,2008,8,T220,41.963976,-87.69181,1
382,2008,8,T221,41.659112,-87.538693,1
383,2008,8,T222,41.933652,-87.738416,1
384,2008,8,T223,41.973845,-87.805059,1
385,2008,8,T224,41.947227,-87.671457,1
386,2008,8,T225,41.743402,-87.731435,1
387,2008,8,T226,41.793818,-87.654234,1
388,2008,8,T227,41.728495,-87.600963,1
389,2008,8,T228,41.951866,-87.725057,1
390,2008,8,T229,41.753411,-87.639817,1
391,2008,8,T230,41.904194,-87.756155,1
392,2008,8,T231,41.98728,-87.666066,1
393,2008,8,T232,41.912563,-87.668055,1
394,2008,8,T233,42.009876,-87.807277,1
395,2008,8,T234,41.942114,-87.776385,1
396,2008,8,T235,41.776428,-87.627096,1
397,2008,8,T236,41.994679,-87.770899,1
398,2008,8,T237,41.738903,-87.695443,1
399,2008,8,T238,41.753391,-87.707394,1
400,2008,8,T900,41.974689,-87.890615,1
401,2008,8,T903,41.957799,-87.930995,1
402,2008,9,T001,41.953705,-87.733974,1
403,2008,9,T002,41.95469,-87.800991,1
404,2008,9,T003,41.964242,-87.757639,1
405,2008,9,T004,41.962728,-87.748367,1
406,2008,9,T006,41.990284,-87.797127,1
407,2008,9,T007,41.994991,-87.769279,1
408,2008,9,T008,42.008314,-87.777921,1
409,2008,9,T009,41.981964,-87.812827,1
410,2008,9,T011,41.944869,-87.832763,1
411,2008,9,T012,41.991429,-87.747113,1
412,2008,9,T013,41.923738,-87.785288,1
413,2008,9,T014,41.970248,-87.787992,1
414,2008,9,T015,41.974089,-87.824812,1
415,2008,9,T016,42.011601,-87.811506,1
416,2008,9,T017,41.960616,-87.777189,1
417,2008,9,T018,42.010412,-87.66214,1
418,2008,9,T019,41.94983,-87.698457,1
419,2008,9,T025,41.979243,-87.750938,1
420,2008,9,T027,41.984809,-87.728492,0
421,2008,9,T028,41.986921,-87.689778,1
422,2008,9,T030,41.89923,-87.716788,0
423,2008,9,T031,41.801498,-87.763416,1
424,2008,9,T033,41.906638,-87.701431,1
425,2008,9,T034,41.843811,-87.686763,1
426,2008,9,T035,41.836644,-87.677737,1
427,2008,9,T036,41.837085,-87.729384,1
428,2008,9,T037,41.921177,-87.79518,1
429,2008,9,T039,41.911824,-87.726737,1
430,2008,9,T040,41.852652,-87.719887,1
431,2008,9,T043,41.857402,-87.694991,0
432,2008,9,T044,41.883284,-87.705085,1
433,2008,9,T045,41.9216,-87.666455,1
434,2008,9,T046,41.891118,-87.654491,0
435,2008,9,T047,41.868142,-87.696269,0
436,2008,9,T048,41.867108,-87.654224,1
437,2008,9,T049,41.896282,-87.655232,1
438,2008,9,T050,41.919343,-87.694259,1
439,2008,9,T051,41.846283,-87.656913,1
440,2008,9,T054,41.921965,-87.632085,0
441,2008,9,T060,41.823065,-87.678378,1
442,2008,9,T061,41.801179,-87.679447,1
443,2008,9,T062,41.800737,-87.71188,1
444,2008,9,T063,41.82561,-87.726549,1
445,2008,9,T065,41.778297,-87.752411,1
446,2008,9,T066,41.77166,-87.703047,1
447,2008,9,T067,41.759346,-87.745602,1
448,2008,9,T069,41.768388,-87.678649,0
449,2008,9,T070,41.797616,-87.797894,1
450,2008,9,T071,41.781416,-87.776532,1
451,2008,9,T072,41.74785,-87.702716,1
452,2008,9,T073,41.773215,-87.60088,1
453,2008,9,T074,41.822536,-87.666343,1
454,2008,9,T075,41.799282,-87.585487,1
455,2008,9,T076,41.794781,-87.615989,1
456,2008,9,T077,41.778748,-87.586427,1
457,2008,9,T078,41.775051,-87.655356,1
458,2008,9,T079,41.766202,-87.562889,0
459,2008,9,T080,41.754676,-87.612922,1
460,2008,9,T081,41.821582,-87.627796,1
461,2008,9,T082,41.803423,-87.642984,1
462,2008,9,T083,41.754292,-87.590773,1
463,2008,9,T084,41.692555,-87.598865,1
464,2008,9,T085,41.721474,-87.648064,1
465,2008,9,T086,41.688324,-87.676709,1
466,2008,9,T088,41.869107,-87.696293,1
467,2008,9,T089,41.723195,-87.64997,1
468,2008,9,T090,41.868077,-87.666901,1
469,2008,9,T091,41.862292,-87.64886,1
470,2008,9,T092,41.869216,-87.627561,1
471,2008,9,T094,41.720848,-87.666014,1
472,2008,9,T095,41.704336,-87.703736,1
473,2008,9,T096,41.731922,-87.677512,1
474,2008,9,T097,41.644612,-87.604498,1
475,2008,9,T099,41.733643,-87.55551,1
476,2008,9,T100,41.717753,-87.531657,1
477,2008,9,T102,41.750498,-87.605294,1
478,2008,9,T103,41.702724,-87.536497,1
479,2008,9,T107,41.729669,-87.582699,1
480,2008,9,T114,41.798697,-87.736812,1
481,2008,9,T115,41.673408,-87.599862,1
482,2008,9,T128,41.704572,-87.565666,1
483,2008,9,T129,41.891126,-87.61156,1
484,2008,9,T135,41.662014,-87.724608,1
485,2008,9,T138,41.726465,-87.585413,1
486,2008,9,T141,41.961743,-87.76007,1
487,2008,9,T142,41.953067,-87.776792,1
488,2008,9,T143,41.999129,-87.795585,1
489,2008,9,T144,41.94016,-87.794896,1
490,2008,9,T145,41.878114,-87.629798,1
491,2008,9,T146,41.958271,-87.702575,1
492,2008,9,T147,41.932094,-87.700117,1
493,2008,9,T148,42.01743,-87.687769,1
494,2008,9,T149,41.994469,-87.667736,1
495,2008,9,T150,42.006858,-87.675919,1
496,2008,9,T151,41.916265,-87.800515,1
497,2008,9,T152,41.846075,-87.716277,1
498,2008,9,T153,41.907645,-87.760886,1
499,2008,9,T154,41.918705,-87.752329,1
500,2008,9,T155,41.776156,-87.778927,1
501,2008,9,T156,41.772846,-87.740029,1
502,2008,9,T157,41.825902,-87.667827,1
503,2008,9,T158,41.682587,-87.707973,1
504,2008,9,T159,41.732984,-87.649642,1
505,2008,9,T160,41.903002,-87.688267,1
506,2008,9,T161,41.719059,-87.675088,1
507,2008,9,T162,41.725517,-87.614258,1
508,2008,9,T200,41.678618,-87.559308,1
509,2008,9,T206,41.737052,-87.543067,1
510,2008,9,T209,41.740641,-87.546587,1
511,2008,9,T212,41.680946,-87.535198,1
512,2008,9,T215,41.686398,-87.531635,1
513,2008,9,T218,41.948167,-87.730698,0
514,2008,9,T219,41.966987,-87.674677,1
515,2008,9,T220,41.963976,-87.69181,1
516,2008,9,T221,41.659112,-87.538693,1
517,2008,9,T222,41.933652,-87.738416,1
518,2008,9,T223,41.973845,-87.805059,1
519,2008,9,T224,41.947227,-87.671457,1
520,2008,9,T225,41.743402,-87.731435,1
521,2008,9,T226,41.793818,-87.654234,1
522,2008,9,T227,41.728495,-87.600963,1
523,2008,9,T228,41.951866,-87.725057,1
524,2008,9,T229,41.753411,-87.639817,1
525,2008,9,T230,41.904194,-87.756155,1
526,2008,9,T231,41.98728,-87.666066,1
527,2008,9,T232,41.912563,-87.668055,1
528,2008,9,T233,42.009876,-87.807277,1
529,2008,9,T234,41.942114,-87.776385,1
530,2008,9,T235,41.776428,-87.627096,1
531,2008,9,T236,41.994679,-87.770899,1
532,2008,9,T237,41.738903,-87.695443,1
533,2008,9,T238,41.753391,-87.707394,1
534,2008,9,T900,41.974689,-87.890615,1
535,2008,9,T903,41.957799,-87.930995,1
536,2010,6,T001,41.953705,-87.733974,0
537,2010,6,T002,41.95469,-87.800991,0
538,2010,6,T003,41.964242,-87.757639,0
539,2010,6,T004,41.962728,-87.748367,0
540,2010,6,T006,41.990284,-87.797127,0
541,2010,6,T007,41.994991,-87.769279,0
542,2010,6,T008,42.008314,-87.777921,0
543,2010,6,T009,41.981964,-87.812827,0
544,2010,6,T011,41.944869,-87.832763,0
545,2010,6,T012,41.991429,-87.747113,0
546,2010,6,T013,41.923738,-87.785288,0
547,2010,6,T014,41.970248,-87.787992,0
548,2010,6,T015,41.974089,-87.824812,0
549,2010,6,T016,42.011601,-87.811506,0
550,2010,6,T017,41.960616,-87.777189,0
551,2010,6,T018,42.010412,-87.66214,0
552,2010,6,T019,41.94983,-87.698457,0
553,2010,6,T025,41.979243,-87.750938,0
554,2010,6,T027,41.984809,-87.728492,0
555,2010,6,T028,41.986921,-87.689778,0
556,2010,6,T030,41.89923,-87.716788,0
557,2010,6,T031,41.801498,-87.763416,0
558,2010,6,T033,41.906638,-87.701431,0
559,2010,6,T034,41.843811,-87.686763,0
560,2010,6,T035,41.836644,-87.677737,0
561,2010,6,T036,41.837085,-87.729384,0
562,2010,6,T037,41.921177,-87.79518,0
563,2010,6,T039,41.911824,-87.726737,0
564,2010,6,T040,41.852652,-87.719887,0
565,2010,6,T043,41.857402,-87.694991,0
566,2010,6,T044,41.883284,-87.705085,0
567,2010,6,T045,41.9216,-87.666455,0
568,2010,6,T046,41.891118,-87.654491,0
569,2010,6,T047,41.868142,-87.696269,0
570,2010,6,T048,41.867108,-87.654224,0
571,2010,6,T049,41.896282,-87.655232,0
572,2010,6,T050,41.919343,-87.694259,0
573,2010,6,T051,41.846283,-87.656913,0
574,2010,6,T054,41.921965,-87.632085,0
575,2010,6,T060,41.823065,-87.678378,0
576,2010,6,T061,41.801179,-87.679447,0
577,2010,6,T062,41.800737,-87.71188,0
578,2010,6,T063,41.82561,-87.726549,0
579,2010,6,T065,41.778297,-87.752411,0
580,2010,6,T066,41.77166,-87.703047,0
581,2010,6,T067,41.759346,-87.745602,0
582,2010,6,T069,41.768388,-87.678649,0
583,2010,6,T070,41.797616,-87.797894,0
584,2010,6,T071,41.781416,-87.776532,0
585,2010,6,T072,41.74785,-87.702716,0
586,2010,6,T073,41.773215,-87.60088,0
587,2010,6,T074,41.822536,-87.666343,0
588,2010,6,T075,41.799282,-87.585487,0
589,2010,6,T076,41.794781,-87.615989,0
590,2010,6,T077,41.778748,-87.586427,0
591,2010,6,T078,41.775051,-87.655356,0
592,2010,6,T079,41.766202,-87.562889,0
593,2010,6,T080,41.754676,-87.612922,0
594,2010,6,T081,41.821582,-87.627796,0
595,2010,6,T082,41.803423,-87.642984,0
596,2010,6,T083,41.754292,-87.590773,0
597,2010,6,T084,41.692555,-87.598865,0
598,2010,6,T085,41.721474,-87.648064,0
599,2010,6,T086,41.688324,-87.676709,0
600,2010,6,T088,41.869107,-87.696293,0
601,2010,6,T089,41.723195,-87.64997,0
602,2010,6,T090,41.868077,-87.666901,0
603,2010,6,T091,41.862292,-87.64886,0
604,2010,6,T092,41.869216,-87.627561,0
605,2010,6,T094,41.720848,-87.666014,0
606,2010,6,T095,41.704336,-87.703736,0
607,2010,6,T096,41.731922,-87.677512,0
608,2010,6,T097,41.644612,-87.604498,0
609,2010,6,T099,41.733643,-87.55551,0
610,2010,6,T100,41.717753,-87.531657,0
611,2010,6,T102,41.750498,-87.605294,0
612,2010,6,T103,41.702724,-87.536497,0
613,2010,6,T107,41.729669,-87.582699,0
614,2010,6,T114,41.798697,-87.736812,0
615,2010,6,T115,41.673408,-87.599862,0
616,2010,6,T128,41.704572,-87.565666,0
617,2010,6,T129,41.891126,-87.61156,0
618,2010,6,T135,41.662014,-87.724608,0
619,2010,6,T138,41.726465,-87.585413,0
620,2010,6,T141,41.961743,-87.76007,0
621,2010,6,T142,41.953067,-87.776792,0
622,2010,6,T143,41.999129,-87.795585,0
623,2010,6,T144,41.94016,-87.794896,0
624,2010,6,T145,41.878114,-87.629798,0
625,2010,6,T146,41.958271,-87.702575,0
626,2010,6,T147,41.932094,-87.700117,0
627,2010,6,T148,42.01743,-87.687769,0
628,2010,6,T149,41.994469,-87.667736,0
629,2010,6,T150,42.006858,-87.675919,0
630,2010,6,T151,41.916265,-87.800515,0
631,2010,6,T152,41.846075,-87.716277,0
632,2010,6,T153,41.907645,-87.760886,0
633,2010,6,T154,41.918705,-87.752329,0
634,2010,6,T155,41.776156,-87.778927,0
635,2010,6,T156,41.772846,-87.740029,0
636,2010,6,T157,41.825902,-87.667827,0
637,2010,6,T158,41.682587,-87.707973,0
638,2010,6,T159,41.732984,-87.649642,0
639,2010,6,T160,41.903002,-87.688267,0
640,2010,6,T161,41.719059,-87.675088,0
641,2010,6,T162,41.725517,-87.614258,0
642,2010,6,T200,41.678618,-87.559308,0
643,2010,6,T206,41.737052,-87.543067,0
644,2010,6,T209,41.740641,-87.546587,0
645,2010,6,T212,41.680946,-87.535198,0
646,2010,6,T215,41.686398,-87.531635,0
647,2010,6,T218,41.948167,-87.730698,0
648,2010,6,T219,41.966987,-87.674677,0
649,2010,6,T220,41.963976,-87.69181,0
650,2010,6,T221,41.659112,-87.538693,0
651,2010,6,T222,41.933652,-87.738416,0
652,2010,6,T223,41.973845,-87.805059,0
653,2010,6,T224,41.947227,-87.671457,0
654,2010,6,T225,41.743402,-87.731435,0
655,2010,6,T226,41.793818,-87.654234,0
656,2010,6,T227,41.728495,-87.600963,0
657,2010,6,T228,41.951866,-87.725057,0
658,2010,6,T229,41.753411,-87.639817,0
659,2010,6,T230,41.904194,-87.756155,0
660,2010,6,T231,41.98728,-87.666066,0
661,2010,6,T232,41.912563,-87.668055,0
662,2010,6,T233,42.009876,-87.807277,0
663,2010,6,T234,41.942114,-87.776385,0
664,2010,6,T235,41.776428,-87.627096,0
665,2010,6,T236,41.994679,-87.770899,0
666,2010,6,T237,41.738903,-87.695443,0
667,2010,6,T238,41.753391,-87.707394,0
668,2010,6,T900,41.974689,-87.890615,0
669,2010,6,T903,41.957799,-87.930995,0
670,2010,7,T001,41.953705,-87.733974,1
671,2010,7,T002,41.95469,-87.800991,1
672,2010,7,T003,41.964242,-87.757639,0
673,2010,7,T004,41.962728,-87.748367,1
674,2010,7,T006,41.990284,-87.797127,1
675,2010,7,T007,41.994991,-87.769279,0
676,2010,7,T008,42.008314,-87.777921,1
677,2010,7,T009,41.981964,-87.812827,1
678,2010,7,T011,41.944869,-87.832763,1
679,2010,7,T012,41.991429,-87.747113,0
680,2010,7,T013,41.923738,-87.785288,1
681,2010,7,T014,41.970248,-87.787992,1
682,2010,7,T015,41.974089,-87.824812,1
683,2010,7,T016,42.011601,-87.811506,1
684,2010,7,T017,41.960616,-87.777189,0
685,2010,7,T018,42.010412,-87.66214,0
686,2010,7,T019,41.94983,-87.698457,0
687,2010,7,T025,41.979243,-87.750938,1
688,2010,7,T027,41.984809,-87.728492,0
689,2010,7,T028,41.986921,-87.689778,1
690,2010,7,T030,41.89923,-87.716788,0
691,2010,7,T031,41.801498,-87.763416,1
692,2010,7,T033,41.906638,-87.701431,0
693,2010,7,T034,41.843811,-87.686763,0
694,2010,7,T035,41.836644,-87.677737,1
695,2010,7,T036,41.837085,-87.729384,0
696,2010,7,T037,41.921177,-87.79518,1
697,2010,7,T039,41.911824,-87.726737,0
698,2010,7,T040,41.852652,-87.719887,0
699,2010,7,T043,41.857402,-87.694991,0
700,2010,7,T044,41.883284,-87.705085,0
701,2010,7,T045,41.9216,-87.666455,0
702,2010,7,T046,41.891118,-87.654491,0
703,2010,7,T047,41.868142,-87.696269,0
704,2010,7,T048,41.867108,-87.654224,0
705,2010,7,T049,41.896282,-87.655232,0
706,2010,7,T050,41.919343,-87.694259,0
707,2010,7,T051,41.846283,-87.656913,0
708,2010,7,T054,41.921965,-87.632085,0
709,2010,7,T060,41.823065,-87.678378,0
710,2010,7,T061,41.801179,-87.679447,1
711,2010,7,T062,41.800737,-87.71188,1
712,2010,7,T063,41.82561,-87.726549,0
713,2010,7,T065,41.778297,-87.752411,1
714,2010,7,T066,41.77166,-87.703047,0
715,2010,7,T067,41.759346,-87.745602,1
716,2010,7,T069,41.768388,-87.678649,0
717,2010,7,T070,41.797616,-87.797894,1
718,2010,7,T071,41.781416,-87.776532,1
719,2010,7,T072,41.74785,-87.702716,1
720,2010,7,T073,41.773215,-87.60088,1
721,2010,7,T074,41.822536,-87.666343,0
722,2010,7,T075,41.799282,-87.585487,0
723,2010,7,T076,41.794781,-87.615989,0
724,2010,7,T077,41.778748,-87.586427,0
725,2010,7,T078,41.775051,-87.655356,0
726,2010,7,T079,41.766202,-87.562889,0
727,2010,7,T080,41.754676,-87.612922,0
728,2010,7,T081,41.821582,-87.627796,1
729,2010,7,T082,41.803423,-87.642984,1
730,2010,7,T083,41.754292,-87.590773,0
731,2010,7,T084,41.692555,-87.598865,1
732,2010,7,T085,41.721474,-87.648064,1
733,2010,7,T086,41.688324,-87.676709,1
734,2010,7,T088,41.869107,-87.696293,0
735,2010,7,T089,41.723195,-87.64997,0
736,2010,7,T090,41.868077,-87.666901,1
737,2010,7,T091,41.862292,-87.64886,0
738,2010,7,T092,41.869216,-87.627561,0
739,2010,7,T094,41.720848,-87.666014,0
740,2010,7,T095,41.704336,-87.703736,1
741,2010,7,T096,41.731922,-87.677512,1
742,2010,7,T097,41.644612,-87.604498,1
743,2010,7,T099,41.733643,-87.55551,0
744,2010,7,T100,41.717753,-87.531657,0
745,2010,7,T102,41.750498,-87.605294,0
746,2010,7,T103,41.702724,-87.536497,0
747,2010,7,T107,41.729669,-87.582699,0
748,2010,7,T114,41.798697,-87.736812,1
749,2010,7,T115,41.673408,-87.599862,1
750,2010,7,T128,41.704572,-87.565666,1
751,2010,7,T129,41.891126,-87.61156,0
752,2010,7,T135,41.662014,-87.724608,1
753,2010,7,T138,41.726465,-87.585413,1
754,2010,7,T141,41.961743,-87.76007,1
755,2010,7,T142,41.953067,-87.776792,1
756,2010,7,T143,41.999129,-87.795585,1
757,2010,7,T144,41.94016,-87.794896,1
758,2010,7,T145,41.878114,-87.629798,0
759,2010,7,T146,41.958271,-87.702575,0
760,2010,7,T147,41.932094,-87.700117,0
761,2010,7,T148,42.01743,-87.687769,0
762,2010,7,T149,41.994469,-87.667736,0
763,2010,7,T150,42.006858,-87.675919,0
764,2010,7,T151,41.916265,-87.800515,0
765,2010,7,T152,41.846075,-87.716277,0
766,2010,7,T153,41.907645,-87.760886,0
767,2010,7,T154,41.918705,-87.752329,0
768,2010,7,T155,41.776156,-87.778927,1
769,2010,7,T156,41.772846,-87.740029,1
770,2010,7,T157,41.825902,-87.667827,0
771,2010,7,T158,41.682587,-87.707973,1
772,2010,7,T159,41.732984,-87.649642,0
773,2010,7,T160,41.903002,-87.688267,1
774,2010,7,T161,41.719059,-87.675088,1
775,2010,7,T162,41.725517,-87.614258,0
776,2010,7,T200,41.678618,-87.559308,0
777,2010,7,T206,41.737052,-87.543067,0
778,2010,7,T209,41.740641,-87.546587,1
779,2010,7,T212,41.680946,-87.535198,1
780,2010,7,T215,41.686398,-87.531635,1
781,2010,7,T218,41.948167,-87.730698,0
782,2010,7,T219,41.966987,-87.674677,0
783,2010,7,T220,41.963976,-87.69181,1
784,2010,7,T221,41.659112,-87.538693,1
785,2010,7,T222,41.933652,-87.738416,1
786,2010,7,T223,41.973845,-87.805059,1
787,2010,7,T224,41.947227,-87.671457,0
788,2010,7,T225,41.743402,-87.731435,1
789,2010,7,T226,41.793818,-87.654234,0
790,2010,7,T227,41.728495,-87.600963,0
791,2010,7,T228,41.951866,-87.725057,0
792,2010,7,T229,41.753411,-87.639817,0
793,2010,7,T230,41.904194,-87.756155,0
794,2010,7,T231,41.98728,-87.666066,0
795,2010,7,T232,41.912563,-87.668055,0
796,2010,7,T233,42.009876,-87.807277,1
797,2010,7,T234,41.942114,-87.776385,1
798,2010,7,T235,41.776428,-87.627096,0
799,2010,7,T236,41.994679,-87.770899,0
800,2010,7,T237,41.738903,-87.695443,1
801,2010,7,T238,41.753391,-87.707394,1
802,2010,7,T900,41.974689,-87.890615,1
803,2010,7,T903,41.957799,-87.930995,1
804,2010,8,T001,41.953705,-87.733974,1
805,2010,8,T002,41.95469,-87.800991,1
806,2010,8,T003,41.964242,-87.757639,1
807,2010,8,T004,41.962728,-87.748367,1
808,2010,8,T006,41.990284,-87.797127,1
809,2010,8,T007,41.994991,-87.769279,1
810,2010,8,T008,42.008314,-87.777921,1
811,2010,8,T009,41.981964,-87.812827,1
812,2010,8,T011,41.944869,-87.832763,1
813,2010,8,T012,41.991429,-87.747113,1
814,2010,8,T013,41.923738,-87.785288,1
815,2010,8,T014,41.970248,-87.787992,1
816,2010,8,T015,41.974089,-87.824812,1
817,2010,8,T016,42.011601,-87.811506,1
818,2010,8,T017,41.960616,-87.777189,0
819,2010,8,T018,42.010412,-87.66214,1
820,2010,8,T019,41.94983,-87.698457,1
821,2010,8,T025,41.979243,-87.750938,1
822,2010,8,T027,41.984809,-87.728492,0
823,2010,8,T028,41.986921,-87.689778,1
824,2010,8,T030,41.89923,-87.716788,0
825,2010,8,T031,41.801498,-87.763416,1
826,2010,8,T033,41.906638,-87.701431,1
827,2010,8,T034,41.843811,-87.686763,1
828,2010,8,T035,41.836644,-87.677737,1
829,2010,8,T036,41.837085,-87.729384,1
830,2010,8,T037,41.921177,-87.79518,1
831,2010,8,T039,41.911824,-87.726737,1
832,2010,8,T040,41.852652,-87.719887,1
833,2010,8,T043,41.857402,-87.694991,0
834,2010,8,T044,41.883284,-87.705085,1
835,2010,8,T045,41.9216,-87.666455,1
836,2010,8,T046,41.891118,-87.654491,0
837,2010,8,T047,41.868142,-87.696269,0
838,2010,8,T048,41.867108,-87.654224,1
839,2010,8,T049,41.896282,-87.655232,1
840,2010,8,T050,41.919343,-87.694259,1
841,2010,8,T051,41.846283,-87.656913,1
842,2010,8,T054,41.921965,-87.632085,0
843,2010,8,T060,41.823065,-87.678378,1
844,2010,8,T061,41.801179,-87.679447,1
845,2010,8,T062,41.800737,-87.71188,1
846,2010,8,T063,41.82561,-87.726549,1
847,2010,8,T065,41.778297,-87.752411,1
848,2010,8,T066,41.77166,-87.703047,1
849,2010,8,T067,41.759346,-87.745602,1
850,2010,8,T069,41.768388,-87.678649,0
851,2010,8,T070,41.797616,-87.797894,1
852,2010,8,T071,41.781416,-87.776532,1
853,2010,8,T072,41.74785,-87.702716,1
854,2010,8,T073,41.773215,-87.60088,1
855,2010,8,T074,41.822536,-87.666343,1
856,2010,8,T075,41.799282,-87.585487,1
857,2010,8,T076,41.794781,-87.615989,1
858,2010,8,T077,41.778748,-87.586427,1
859,2010,8,T078,41.775051,-87.655356,1
860,2010,8,T079,41.766202,-87.562889,0
861,2010,8,T080,41.754676,-87.612922,1
862,2010,8,T081,41.821582,-87.627796,1
863,2010,8,T082,41.803423,-87.642984,1
864,2010,8,T083,41.754292,-87.590773,1
865,2010,8,T084,41.692555,-87.598865,1
866,2010,8,T085,41.721474,-87.648064,1
867,2010,8,T086,41.688324,-87.676709,1
868,2010,8,T088,41.869107,-87.696293,1
869,2010,8,T089,41.723195,-87.64997,1
870,2010,8,T090,41.868077,-87.666901,1
871,2010,8,T091,41.862292,-87.64886,1
872,2010,8,T092,41.869216,-87.627561,1
873,2010,8,T094,41.720848,-87.666014,0
874,2010,8,T095,41.704336,-87.703736,1
875,2010,8,T096,41.731922,-87.677512,1
876,2010,8,T097,41.644612,-87.604498,1
877,2010,8,T099,41.733643,-87.55551,1
878,2010,8,T100,41.717753,-87.531657,1
879,2010,8,T102,41.750498,-87.605294,1
880,2010,8,T103,41.702724,-87.536497,1
881,2010,8,T107,41.729669,-87.582699,1
882,2010,8,T114,41.798697,-87.736812,1
883,2010,8,T115,41.673408,-87.599862,1
884,2010,8,T128,41.704572,-87.565666,1
885,2010,8,T129,41.891126,-87.61156,1
886,2010,8,T135,41.662014,-87.724608,1
887,2010,8,T138,41.726465,-87.585413,1
888,2010,8,T141,41.961743,-87.76007,1
889,2010,8,T142,41.953067,-87.776792,1
890,2010,8,T143,41.999129,-87.795585,1
891,2010,8,T144,41.94016,-87.794896,1
892,2010,8,T145,41.878114,-87.629798,1
893,2010,8,T146,41.958271,-87.702575,1
894,2010,8,T147,41.932094,-87.700117,1
895,2010,8,T148,42.01743,-87.687769,1
896,2010,8,T149,41.994469,-87.667736,1
897,2010,8,T150,42.006858,-87.675919,1
898,2010,8,T151,41.916265,-87.800515,1
899,2010,8,T152,41.846075,-87.716277,1
900,2010,8,T153,41.907645,-87.760886,1
901,2010,8,T154,41.918705,-87.752329,1
902,2010,8,T155,41.776156,-87.778927,1
903,2010,8,T156,41.772846,-87.740029,1
904,2010,8,T157,41.825902,-87.667827,1
905,2010,8,T158,41.682587,-87.707973,1
906,2010,8,T159,41.732984,-87.649642,1
907,2010,8,T160,41.903002,-87.688267,1
908,2010,8,T161,41.719059,-87.675088,1
909,2010,8,T162,41.725517,-87.614258,1
910,2010,8,T200,41.678618,-87.559308,0
911,2010,8,T206,41.737052,-87.543067,1
912,2010,8,T209,41.740641,-87.546587,1
913,2010,8,T212,41.680946,-87.535198,1
914,2010,8,T215,41.686398,-87.531635,1
915,2010,8,T218,41.948167,-87.730698,0
916,2010,8,T219,41.966987,-87.674677,0
917,2010,8,T220,41.963976,-87.69181,1
918,2010,8,T221,41.659112,-87.538693,1
919,2010,8,T222,41.933652,-87.738416,1
920,2010,8,T223,41.973845,-87.805059,1
921,2010,8,T224,41.947227,-87.671457,0
922,2010,8,T225,41.743402,-87.731435,1
923,2010,8,T226,41.793818,-87.654234,1
924,2010,8,T227,41.728495,-87.600963,1
925,2010,8,T228,41.951866,-87.725057,1
926,2010,8,T229,41.753411,-87.639817,1
927,2010,8,T230,41.904194,-87.756155,1
928,2010,8,T231,41.98728,-87.666066,1
929,2010,8,T232,41.912563,-87.668055,1
930,2010,8,T233,42.009876,-87.807277,1
931,2010,8,T234,41.942114,-87.776385,1
932,2010,8,T235,41.776428,-87.627096,1
933,2010,8,T236,41.994679,-87.770899,1
934,2010,8,T237,41.738903,-87.695443,1
935,2010,8,T238,41.753391,-87.707394,1
936,2010,8,T900,41.974689,-87.890615,1
937,2010,8,T903,41.957799,-87.930995,1
938,2010,9,T001,41.953705,-87.733974,1
939,2010,9,T002,41.95469,-87.800991,1
940,2010,9,T003,41.964242,-87.757639,1
941,2010,9,T004,41.962728,-87.748367,1
942,2010,9,T006,41.990284,-87.797127,1
943,2010,9,T007,41.994991,-87.769279,1
944,2010,9,T008,42.008314,-87.777921,1
945,2010,9,T009,41.981964,-87.812827,1
946,2010,9,T011,41.944869,-87.832763,1
947,2010,9,T012,41.991429,-87.747113,1
948,2010,9,T013,41.923738,-87.785288,1
949,2010,9,T014,41.970248,-87.787992,1
950,2010,9,T015,41.974089,-87.824812,1
951,2010,9,T016,42.011601,-87.811506,1
952,2010,9,T017,41.960616,-87.777189,0
953,2010,9,T018,42.010412,-87.66214,0
954,2010,9,T019,41.94983,-87.698457,0
955,2010,9,T025,41.979243,-87.750938,1
956,2010,9,T027,41.984809,-87.728492,0
957,2010,9,T028,41.986921,-87.689778,1
958,2010,9,T030,41.89923,-87.716788,0
959,2010,9,T031,41.801498,-87.763416,1
960,2010,9,T033,41.906638,-87.701431,1
961,2010,9,T034,41.843811,-87.686763,1
962,2010,9,T035,41.836644,-87.677737,1
963,2010,9,T036,41.837085,-87.729384,1
964,2010,9,T037,41.921177,-87.79518,1
965,2010,9,T039,41.911824,-87.726737,1
966,2010,9,T040,41.852652,-87.719887,1
967,2010,9,T043,41.857402,-87.694991,0
968,2010,9,T044,41.883284,-87.705085,1
969,2010,9,T045,41.9216,-87.666455,1
970,2010,9,T046,41.891118,-87.654491,0
971,2010,9,T047,41.868142,-87.696269,0
972,2010,9,T048,41.867108,-87.654224,1
973,2010,9,T049,41.896282,-87.655232,0
974,2010,9,T050,41.919343,-87.694259,0
975,2010,9,T051,41.846283,-87.656913,1
976,2010,9,T054,41.921965,-87.632085,0
977,2010,9,T060,41.823065,-87.678378,1
978,2010,9,T061,41.801179,-87.679447,1
979,2010,9,T062,41.800737,-87.71188,1
980,2010,9,T063,41.82561,-87.726549,1
981,2010,9,T065,41.778297,-87.752411,1
982,2010,9,T066,41.77166,-87.703047,0
983,2010,9,T067,41.759346,-87.745602,1
984,2010,9,T069,41.768388,-87.678649,0
985,2010,9,T070,41.797616,-87.797894,1
986,2010,9,T071,41.781416,-87.776532,1
987,2010,9,T072,41.74785,-87.702716,1
988,2010,9,T073,41.773215,-87.60088,1
989,2010,9,T074,41.822536,-87.666343,1
990,2010,9,T075,41.799282,-87.585487,1
991,2010,9,T076,41.794781,-87.615989,1
992,2010,9,T077,41.778748,-87.586427,1
993,2010,9,T078,41.775051,-87.655356,1
994,2010,9,T079,41.766202,-87.562889,0
995,2010,9,T080,41.754676,-87.612922,1
996,2010,9,T081,41.821582,-87.627796,1
997,2010,9,T082,41.803423,-87.642984,1
998,2010,9,T083,41.754292,-87.590773,0
999,2010,9,T084,41.692555,-87.598865,1
1000,2010,9,T085,41.721474,-87.648064,1
1001,2010,9,T086,41.688324,-87.676709,1
1002,2010,9,T088,41.869107,-87.696293,1
1003,2010,9,T089,41.723195,-87.64997,0
1004,2010,9,T090,41.868077,-87.666901,1
1005,2010,9,T091,41.862292,-87.64886,1
1006,2010,9,T092,41.869216,-87.627561,0
1007,2010,9,T094,41.720848,-87.666014,0
1008,2010,9,T095,41.704336,-87.703736,1
1009,2010,9,T096,41.731922,-87.677512,1
1010,2010,9,T097,41.644612,-87.604498,1
1011,2010,9,T099,41.733643,-87.55551,1
1012,2010,9,T100,41.717753,-87.531657,1
1013,2010,9,T102,41.750498,-87.605294,0
1014,2010,9,T103,41.702724,-87.536497,1
1015,2010,9,T107,41.729669,-87.582699,1
1016,2010,9,T114,41.798697,-87.736812,1
1017,2010,9,T115,41.673408,-87.599862,1
1018,2010,9,T128,41.704572,-87.565666,1
1019,2010,9,T129,41.891126,-87.61156,0
1020,2010,9,T135,41.662014,-87.724608,1
1021,2010,9,T138,41.726465,-87.585413,1
1022,2010,9,T141,41.961743,-87.76007,1
1023,2010,9,T142,41.953067,-87.776792,1
1024,2010,9,T143,41.999129,-87.795585,1
1025,2010,9,T144,41.94016,-87.794896,1
1026,2010,9,T145,41.878114,-87.629798,0
1027,2010,9,T146,41.958271,-87.702575,1
1028,2010,9,T147,41.932094,-87.700117,0
1029,2010,9,T148,42.01743,-87.687769,1
1030,2010,9,T149,41.994469,-87.667736,1
1031,2010,9,T150,42.006858,-87.675919,1
1032,2010,9,T151,41.916265,-87.800515,0
1033,2010,9,T152,41.846075,-87.716277,1
1034,2010,9,T153,41.907645,-87.760886,1
1035,2010,9,T154,41.918705,-87.752329,1
1036,2010,9,T155,41.776156,-87.778927,1
1037,2010,9,T156,41.772846,-87.740029,1
1038,2010,9,T157,41.825902,-87.667827,1
1039,2010,9,T158,41.682587,-87.707973,1
1040,2010,9,T159,41.732984,-87.649642,0
1041,2010,9,T160,41.903002,-87.688267,1
1042,2010,9,T161,41.719059,-87.675088,1
1043,2010,9,T162,41.725517,-87.614258,1
1044,2010,9,T200,41.678618,-87.559308,0
1045,2010,9,T206,41.737052,-87.543067,1
1046,2010,9,T209,41.740641,-87.546587,1
1047,2010,9,T212,41.680946,-87.535198,1
1048,2010,9,T215,41.686398,-87.531635,1
1049,2010,9,T218,41.948167,-87.730698,0
1050,2010,9,T219,41.966987,-87.674677,0
1051,2010,9,T220,41.963976,-87.69181,1
1052,2010,9,T221,41.659112,-87.538693,1
1053,2010,9,T222,41.933652,-87.738416,1
1054,2010,9,T223,41.973845,-87.805059,1
1055,2010,9,T224,41.947227,-87.671457,0
1056,2010,9,T225,41.743402,-87.731435,1
1057,2010,9,T226,41.793818,-87.654234,1
1058,2010,9,T227,41.728495,-87.600963,1
1059,2010,9,T228,41.951866,-87.725057,1
1060,2010,9,T229,41.753411,-87.639817,1
1061,2010,9,T230,41.904194,-87.756155,1
1062,2010,9,T231,41.98728,-87.666066,1
1063,2010,9,T232,41.912563,-87.668055,0
1064,2010,9,T233,42.009876,-87.807277,1
1065,2010,9,T234,41.942114,-87.776385,1
1066,2010,9,T235,41.776428,-87.627096,1
1067,2010,9,T236,41.994679,-87.770899,1
1068,2010,9,T237,41.738903,-87.695443,1
1069,2010,9,T238,41.753391,-87.707394,1
1070,2010,9,T900,41.974689,-87.890615,1
1071,2010,9,T903,41.957799,-87.930995,1
1072,2010,10,T001,41.953705,-87.733974,0
1073,2010,10,T002,41.95469,-87.800991,1
1074,2010,10,T003,41.964242,-87.757639,0
1075,2010,10,T004,41.962728,-87.748367,0
1076,2010,10,T006,41.990284,-87.797127,0
1077,2010,10,T007,41.994991,-87.769279,0
1078,2010,10,T008,42.008314,-87.777921,1
1079,2010,10,T009,41.981964,-87.812827,0
1080,2010,10,T011,41.944869,-87.832763,1
1081,2010,10,T012,41.991429,-87.747113,0
1082,2010,10,T013,41.923738,-87.785288,1
1083,2010,10,T014,41.970248,-87.787992,0
1084,2010,10,T015,41.974089,-87.824812,1
1085,2010,10,T016,42.011601,-87.811506,1
1086,2010,10,T017,41.960616,-87.777189,0
1087,2010,10,T018,42.010412,-87.66214,0
1088,2010,10,T019,41.94983,-87.698457,0
1089,2010,10,T025,41.979243,-87.750938,0
1090,2010,10,T027,41.984809,-87.728492,0
1091,2010,10,T028,41.986921,-87.689778,1
1092,2010,10,T030,41.89923,-87.716788,0
1093,2010,10,T031,41.801498,-87.763416,1
1094,2010,10,T033,41.906638,-87.701431,0
1095,2010,10,T034,41.843811,-87.686763,0
1096,2010,10,T035,41.836644,-87.677737,0
1097,2010,10,T036,41.837085,-87.729384,0
1098,2010,10,T037,41.921177,-87.79518,1
1099,2010,10,T039,41.911824,-87.726737,0
1100,2010,10,T040,41.852652,-87.719887,0
1101,2010,10,T043,41.857402,-87.694991,0
1102,2010,10,T044,41.883284,-87.705085,0
1103,2010,10,T045,41.9216,-87.666455,0
1104,2010,10,T046,41.891118,-87.654491,0
1105,2010,10,T047,41.868142,-87.696269,0
1106,2010,10,T048,41.867108,-87.654224,0
1107,2010,10,T049,41.896282,-87.655232,0
1108,2010,10,T050,41.919343,-87.694259,0
1109,2010,10,T051,41.846283,-87.656913,0
1110,2010,10,T054,41.921965,-87.632085,0
1111,2010,10,T060,41.823065,-87.678378,0
1112,2010,10,T061,41.801179,-87.679447,0
1113,2010,10,T062,41.800737,-87.71188,0
1114,2010,10,T063,41.82561,-87.726549,0
1115,2010,10,T065,41.778297,-87.752411,0
1116,2010,10,T066,41.77166,-87.703047,0
1117,2010,10,T067,41.759346,-87.745602,1
1118,2010,10,T069,41.768388,-87.678649,0
1119,2010,10,T070,41.797616,-87.797894,1
1120,2010,10,T071,41.781416,-87.776532,1
1121,2010,10,T072,41.74785,-87.702716,0
1122,2010,10,T073,41.773215,-87.60088,0
1123,2010,10,T074,41.822536,-87.666343,0
1124,2010,10,T075,41.799282,-87.585487,0
1125,2010,10,T076,41.794781,-87.615989,0
1126,2010,10,T077,41.778748,-87.586427,0
1127,2010,10,T078,41.775051,-87.655356,0
1128,2010,10,T079,41.766202,-87.562889,0
1129,2010,10,T080,41.754676,-87.612922,0
1130,2010,10,T081,41.821582,-87.627796,1
1131,2010,10,T082,41.803423,-87.642984,1
1132,2010,10,T083,41.754292,-87.590773,0
1133,2010,10,T084,41.692555,-87.598865,0
1134,2010,10,T085,41.721474,-87.648064,0
1135,2010,10,T086,41.688324,-87.676709,1
1136,2010,10,T088,41.869107,-87.696293,0
1137,2010,10,T089,41.723195,-87.64997,0
1138,2010,10,T090,41.868077,-87.666901,1
1139,2010,10,T091,41.862292,-87.64886,0
1140,2010,10,T092,41.869216,-87.627561,0
1141,2010,10,T094,41.720848,-87.666014,0
1142,2010,10,T095,41.704336,-87.703736,1
1143,2010,10,T096,41.731922,-87.677512,1
1144,2010,10,T097,41.644612,-87.604498,0
1145,2010,10,T099,41.733643,-87.55551,0
1146,2010,10,T100,41.717753,-87.531657,0
1147,2010,10,T102,41.750498,-87.605294,0
1148,2010,10,T103,41.702724,-87.536497,0
1149,2010,10,T107,41.729669,-87.582699,0
1150,2010,10,T114,41.798697,-87.736812,1
1151,2010,10,T115,41.673408,-87.599862,1
1152,2010,10,T128,41.704572,-87.565666,0
1153,2010,10,T129,41.891126,-87.61156,0
1154,2010,10,T135,41.662014,-87.724608,1
1155,2010,10,T138,41.726465,-87.585413,1
1156,2010,10,T141,41.961743,-87.76007,0
1157,2010,10,T142,41.953067,-87.776792,0
1158,2010,10,T143,41.999129,-87.795585,0
1159,2010,10,T144,41.94016,-87.794896,0
1160,2010,10,T145,41.878114,-87.629798,0
1161,2010,10,T146,41.958271,-87.702575,0
1162,2010,10,T147,41.932094,-87.700117,0
1163,2010,10,T148,42.01743,-87.687769,0
1164,2010,10,T149,41.994469,-87.667736,0
1165,2010,10,T150,42.006858,-87.675919,0
1166,2010,10,T151,41.916265,-87.800515,0
1167,2010,10,T152,41.846075,-87.716277,0
1168,2010,10,T153,41.907645,-87.760886,0
1169,2010,10,T154,41.918705,-87.752329,0
1170,2010,10,T155,41.776156,-87.778927,0
1171,2010,10,T156,41.772846,-87.740029,0
1172,2010,10,T157,41.825902,-87.667827,0
1173,2010,10,T158,41.682587,-87.707973,1
1174,2010,10,T159,41.732984,-87.649642,0
1175,2010,10,T160,41.903002,-87.688267,0
1176,2010,10,T161,41.719059,-87.675088,0
1177,2010,10,T162,41.725517,-87.614258,0
1178,2010,10,T200,41.678618,-87.559308,0
1179,2010,10,T206,41.737052,-87.543067,0
1180,2010,10,T209,41.740641,-87.546587,0
1181,2010,10,T212,41.680946,-87.535198,1
1182,2010,10,T215,41.686398,-87.531635,0
1183,2010,10,T218,41.948167,-87.730698,0
1184,2010,10,T219,41.966987,-87.674677,0
1185,2010,10,T220,41.963976,-87.69181,0
1186,2010,10,T221,41.659112,-87.538693,1
1187,2010,10,T222,41.933652,-87.738416,0
1188,2010,10,T223,41.973845,-87.805059,1
1189,2010,10,T224,41.947227,-87.671457,0
1190,2010,10,T225,41.743402,-87.731435,1
1191,2010,10,T226,41.793818,-87.654234,0
1192,2010,10,T227,41.728495,-87.600963,0
1193,2010,10,T228,41.951866,-87.725057,0
1194,2010,10,T229,41.753411,-87.639817,0
1195,2010,10,T230,41.904194,-87.756155,0
1196,2010,10,T231,41.98728,-87.666066,0
1197,2010,10,T232,41.912563,-87.668055,0
1198,2010,10,T233,42.009876,-87.807277,0
1199,2010,10,T234,41.942114,-87.776385,0
1200,2010,10,T235,41.776428,-87.627096,0
1201,2010,10,T236,41.994679,-87.770899,0
1202,2010,10,T237,41.738903,-87.695443,0
1203,2010,10,T238,41.753391,-87.707394,0
1204,2010,10,T900,41.974689,-87.890615,1
1205,2010,10,T903,41.957799,-87.930995,1
1206,2012,6,T001,41.953705,-87.733974,0
1207,2012,6,T002,41.95469,-87.800991,0
1208,2012,6,T003,41.964242,-87.757639,0
1209,2012,6,T004,41.962728,-87.748367,0
1210,2012,6,T006,41.990284,-87.797127,0
1211,2012,6,T007,41.994991,-87.769279,0
1212,2012,6,T008,42.008314,-87.777921,0
1213,2012,6,T009,41.981964,-87.812827,0
1214,2012,6,T011,41.944869,-87.832763,0
1215,2012,6,T012,41.991429,-87.747113,0
1216,2012,6,T013,41.923738,-87.785288,0
1217,2012,6,T014,41.970248,-87.787992,0
1218,2012,6,T015,41.974089,-87.824812,0
1219,2012,6,T016,42.011601,-87.811506,0
1220,2012,6,T017,41.960616,-87.777189,0
1221,2012,6,T018,42.010412,-87.66214,0
1222,2012,6,T019,41.94983,-87.698457,0
1223,2012,6,T025,41.979243,-87.750938,0
1224,2012,6,T027,41.984809,-87.728492,0
1225,2012,6,T028,41.986921,-87.689778,0
1226,2012,6,T030,41.89923,-87.716788,0
1227,2012,6,T031,41.801498,-87.763416,0
1228,2012,6,T033,41.906638,-87.701431,0
1229,2012,6,T034,41.843811,-87.686763,0
1230,2012,6,T035,41.836644,-87.677737,0
1231,2012,6,T036,41.837085,-87.729384,0
1232,2012,6,T037,41.921177,-87.79518,0
1233,2012,6,T039,41.911824,-87.726737,0
1234,2012,6,T040,41.852652,-87.719887,0
1235,2012,6,T043,41.857402,-87.694991,0
1236,2012,6,T044,41.883284,-87.705085,0
1237,2012,6,T045,41.9216,-87.666455,0
1238,2012,6,T046,41.891118,-87.654491,0
1239,2012,6,T047,41.868142,-87.696269,0
1240,2012,6,T048,41.867108,-87.654224,0
1241,2012,6,T049,41.896282,-87.655232,0
1242,2012,6,T050,41.919343,-87.694259,0
1243,2012,6,T051,41.846283,-87.656913,0
1244,2012,6,T054,41.921965,-87.632085,0
1245,2012,6,T060,41.823065,-87.678378,0
1246,2012,6,T061,41.801179,-87.679447,0
1247,2012,6,T062,41.800737,-87.71188,0
1248,2012,6,T063,41.82561,-87.726549,0
1249,2012,6,T065,41.778297,-87.752411,0
1250,2012,6,T066,41.77166,-87.703047,0
1251,2012,6,T067,41.759346,-87.745602,0
1252,2012,6,T069,41.768388,-87.678649,0
1253,2012,6,T070,41.797616,-87.797894,0
1254,2012,6,T071,41.781416,-87.776532,0
1255,2012,6,T072,41.74785,-87.702716,0
1256,2012,6,T073,41.773215,-87.60088,0
1257,2012,6,T074,41.822536,-87.666343,0
1258,2012,6,T075,41.799282,-87.585487,0
1259,2012,6,T076,41.794781,-87.615989,0
1260,2012,6,T077,41.778748,-87.586427,0
1261,2012,6,T078,41.775051,-87.655356,0
1262,2012,6,T079,41.766202,-87.562889,0
1263,2012,6,T080,41.754676,-87.612922,0
1264,2012,6,T081,41.821582,-87.627796,0
1265,2012,6,T082,41.803423,-87.642984,0
1266,2012,6,T083,41.754292,-87.590773,0
1267,2012,6,T084,41.692555,-87.598865,0
1268,2012,6,T085,41.721474,-87.648064,0
1269,2012,6,T086,41.688324,-87.676709,0
1270,2012,6,T088,41.869107,-87.696293,0
1271,2012,6,T089,41.723195,-87.64997,0
1272,2012,6,T090,41.868077,-87.666901,0
1273,2012,6,T091,41.862292,-87.64886,0
1274,2012,6,T092,41.869216,-87.627561,0
1275,2012,6,T094,41.720848,-87.666014,0
1276,2012,6,T095,41.704336,-87.703736,0
1277,2012,6,T096,41.731922,-87.677512,0
1278,2012,6,T097,41.644612,-87.604498,0
1279,2012,6,T099,41.733643,-87.55551,0
1280,2012,6,T100,41.717753,-87.531657,0
1281,2012,6,T102,41.750498,-87.605294,0
1282,2012,6,T103,41.702724,-87.536497,0
1283,2012,6,T107,41.729669,-87.582699,0
1284,2012,6,T114,41.798697,-87.736812,0
1285,2012,6,T115,41.673408,-87.599862,0
1286,2012,6,T128,41.704572,-87.565666,0
1287,2012,6,T129,41.891126,-87.61156,0
1288,2012,6,T135,41.662014,-87.724608,0
1289,2012,6,T138,41.726465,-87.585413,0
1290,2012,6,T141,41.961743,-87.76007,0
1291,2012,6,T142,41.953067,-87.776792,0
1292,2012,6,T143,41.999129,-87.795585,0
1293,2012,6,T144,41.94016,-87.794896,0
1294,2012,6,T145,41.878114,-87.629798,0
1295,2012,6,T146,41.958271,-87.702575,0
1296,2012,6,T147,41.932094,-87.700117,0
1297,2012,6,T148,42.01743,-87.687769,0
1298,2012,6,T149,41.994469,-87.667736,0
1299,2012,6,T150,42.006858,-87.675919,0
1300,2012,6,T151,41.916265,-87.800515,0
1301,2012,6,T152,41.846075,-87.716277,0
1302,2012,6,T153,41.907645,-87.760886,0
1303,2012,6,T154,41.918705,-87.752329,0
1304,2012,6,T155,41.776156,-87.778927,0
1305,2012,6,T156,41.772846,-87.740029,0
1306,2012,6,T157,41.825902,-87.667827,0
1307,2012,6,T158,41.682587,-87.707973,0
1308,2012,6,T159,41.732984,-87.649642,0
1309,2012,6,T160,41.903002,-87.688267,0
1310,2012,6,T161,41.719059,-87.675088,0
1311,2012,6,T162,41.725517,-87.614258,0
1312,2012,6,T200,41.678618,-87.559308,0
1313,2012,6,T206,41.737052,-87.543067,0
1314,2012,6,T209,41.740641,-87.546587,0
1315,2012,6,T212,41.680946,-87.535198,0
1316,2012,6,T215,41.686398,-87.531635,0
1317,2012,6,T218,41.948167,-87.730698,0
1318,2012,6,T219,41.966987,-87.674677,0
1319,2012,6,T220,41.963976,-87.69181,0
1320,2012,6,T221,41.659112,-87.538693,0
1321,2012,6,T222,41.933652,-87.738416,0
1322,2012,6,T223,41.973845,-87.805059,0
1323,2012,6,T224,41.947227,-87.671457,0
1324,2012,6,T225,41.743402,-87.731435,0
1325,2012,6,T226,41.793818,-87.654234,0
1326,2012,6,T227,41.728495,-87.600963,0
1327,2012,6,T228,41.951866,-87.725057,0
1328,2012,6,T229,41.753411,-87.639817,0
1329,2012,6,T230,41.904194,-87.756155,0
1330,2012,6,T231,41.98728,-87.666066,0
1331,2012,6,T232,41.912563,-87.668055,0
1332,2012,6,T233,42.009876,-87.807277,0
1333,2012,6,T234,41.942114,-87.776385,0
1334,2012,6,T235,41.776428,-87.627096,0
1335,2012,6,T236,41.994679,-87.770899,0
1336,2012,6,T237,41.738903,-87.695443,0
1337,2012,6,T238,41.753391,-87.707394,0
1338,2012,6,T900,41.974689,-87.890615,0
1339,2012,6,T903,41.957799,-87.930995,0
1340,2012,7,T001,41.953705,-87.733974,0
1341,2012,7,T002,41.95469,-87.800991,1
1342,2012,7,T003,41.964242,-87.757639,0
1343,2012,7,T004,41.962728,-87.748367,0
1344,2012,7,T006,41.990284,-87.797127,0
1345,2012,7,T007,41.994991,-87.769279,0
1346,2012,7,T008,42.008314,-87.777921,1
1347,2012,7,T009,41.981964,-87.812827,0
1348,2012,7,T011,41.944869,-87.832763,1
1349,2012,7,T012,41.991429,-87.747113,0
1350,2012,7,T013,41.923738,-87.785288,1
1351,2012,7,T014,41.970248,-87.787992,0
1352,2012,7,T015,41.974089,-87.824812,1
1353,2012,7,T016,42.011601,-87.811506,1
1354,2012,7,T017,41.960616,-87.777189,0
1355,2012,7,T018,42.010412,-87.66214,0
1356,2012,7,T019,41.94983,-87.698457,0
1357,2012,7,T025,41.979243,-87.750938,0
1358,2012,7,T027,41.984809,-87.728492,0
1359,2012,7,T028,41.986921,-87.689778,1
1360,2012,7,T030,41.89923,-87.716788,0
1361,2012,7,T031,41.801498,-87.763416,1
1362,2012,7,T033,41.906638,-87.701431,0
1363,2012,7,T034,41.843811,-87.686763,0
1364,2012,7,T035,41.836644,-87.677737,1
1365,2012,7,T036,41.837085,-87.729384,0
1366,2012,7,T037,41.921177,-87.79518,1
1367,2012,7,T039,41.911824,-87.726737,0
1368,2012,7,T040,41.852652,-87.719887,0
1369,2012,7,T043,41.857402,-87.694991,0
1370,2012,7,T044,41.883284,-87.705085,0
1371,2012,7,T045,41.9216,-87.666455,0
1372,2012,7,T046,41.891118,-87.654491,0
1373,2012,7,T047,41.868142,-87.696269,0
1374,2012,7,T048,41.867108,-87.654224,0
1375,2012,7,T049,41.896282,-87.655232,0
1376,2012,7,T050,41.919343,-87.694259,0
1377,2012,7,T051,41.846283,-87.656913,0
1378,2012,7,T054,41.921965,-87.632085,0
1379,2012,7,T060,41.823065,-87.678378,0
1380,2012,7,T061,41.801179,-87.679447,0
1381,2012,7,T062,41.800737,-87.71188,0
1382,2012,7,T063,41.82561,-87.726549,0
1383,2012,7,T065,41.778297,-87.752411,0
1384,2012,7,T066,41.77166,-87.703047,0
1385,2012,7,T067,41.759346,-87.745602,1
1386,2012,7,T069,41.768388,-87.678649,0
1387,2012,7,T070,41.797616,-87.797894,1
1388,2012,7,T071,41.781416,-87.776532,1
1389,2012,7,T072,41.74785,-87.702716,0
1390,2012,7,T073,41.773215,-87.60088,0
1391,2012,7,T074,41.822536,-87.666343,0
1392,2012,7,T075,41.799282,-87.585487,0
1393,2012,7,T076,41.794781,-87.615989,0
1394,2012,7,T077,41.778748,-87.586427,0
1395,2012,7,T078,41.775051,-87.655356,0
1396,2012,7,T079,41.766202,-87.562889,0
1397,2012,7,T080,41.754676,-87.612922,0
1398,2012,7,T081,41.821582,-87.627796,1
1399,2012,7,T082,41.803423,-87.642984,1
1400,2012,7,T083,41.754292,-87.590773,0
1401,2012,7,T084,41.692555,-87.598865,0
1402,2012,7,T085,41.721474,-87.648064,0
1403,2012,7,T086,41.688324,-87.676709,1
1404,2012,7,T088,41.869107,-87.696293,0
1405,2012,7,T089,41.723195,-87.64997,0
1406,2012,7,T090,41.868077,-87.666901,1
1407,2012,7,T091,41.862292,-87.64886,0
1408,2012,7,T092,41.869216,-87.627561,0
1409,2012,7,T094,41.720848,-87.666014,0
1410,2012,7,T095,41.704336,-87.703736,1
1411,2012,7,T096,41.731922,-87.677512,1
1412,2012,7,T097,41.644612,-87.604498,0
1413,2012,7,T099,41.733643,-87.55551,0
1414,2012,7,T100,41.717753,-87.531657,0
1415,2012,7,T102,41.750498,-87.605294,0
1416,2012,7,T103,41.702724,-87.536497,0
1417,2012,7,T107,41.729669,-87.582699,0
1418,2012,7,T114,41.798697,-87.736812,1
1419,2012,7,T115,41.673408,-87.599862,1
1420,2012,7,T128,41.704572,-87.565666,0
1421,2012,7,T129,41.891126,-87.61156,0
1422,2012,7,T135,41.662014,-87.724608,1
1423,2012,7,T138,41.726465,-87.585413,1
1424,2012,7,T141,41.961743,-87.76007,0
1425,2012,7,T142,41.953067,-87.776792,0
1426,2012,7,T143,41.999129,-87.795585,0
1427,2012,7,T144,41.94016,-87.794896,0
1428,2012,7,T145,41.878114,-87.629798,0
1429,2012,7,T146,41.958271,-87.702575,0
1430,2012,7,T147,41.932094,-87.700117,0
1431,2012,7,T148,42.01743,-87.687769,0
1432,2012,7,T149,41.994469,-87.667736,0
1433,2012,7,T150,42.006858,-87.675919,0
1434,2012,7,T151,41.916265,-87.800515,0
1435,2012,7,T152,41.846075,-87.716277,0
1436,2012,7,T153,41.907645,-87.760886,0
1437,2012,7,T154,41.918705,-87.752329,0
1438,2012,7,T155,41.776156,-87.778927,0
1439,2012,7,T156,41.772846,-87.740029,1
1440,2012,7,T157,41.825902,-87.667827,0
1441,2012,7,T158,41.682587,-87.707973,1
1442,2012,7,T159,41.732984,-87.649642,0
1443,2012,7,T160,41.903002,-87.688267,0
1444,2012,7,T161,41.719059,-87.675088,0
1445,2012,7,T162,41.725517,-87.614258,0
1446,2012,7,T200,41.678618,-87.559308,0
1447,2012,7,T206,41.737052,-87.543067,0
1448,2012,7,T209,41.740641,-87.546587,0
1449,2012,7,T212,41.680946,-87.535198,1
1450,2012,7,T215,41.686398,-87.531635,0
1451,2012,7,T218,41.948167,-87.730698,0
1452,2012,7,T219,41.966987,-87.674677,0
1453,2012,7,T220,41.963976,-87.69181,0
1454,2012,7,T221,41.659112,-87.538693,1
1455,2012,7,T222,41.933652,-87.738416,0
1456,2012,7,T223,41.973845,-87.805059,1
1457,2012,7,T224,41.947227,-87.671457,0
1458,2012,7,T225,41.743402,-87.731435,1
1459,2012,7,T226,41.793818,-87.654234,0
1460,2012,7,T227,41.728495,-87.600963,0
1461,2012,7,T228,41.951866,-87.725057,0
1462,2012,7,T229,41.753411,-87.639817,0
1463,2012,7,T230,41.904194,-87.756155,0
1464,2012,7,T231,41.98728,-87.666066,0
1465,2012,7,T232,41.912563,-87.668055,0
1466,2012,7,T233,42.009876,-87.807277,0
1467,2012,7,T234,41.942114,-87.776385,0
1468,2012,7,T235,41.776428,-87.627096,0
1469,2012,7,T236,41.994679,-87.770899,0
1470,2012,7,T237,41.738903,-87.695443,0
1471,2012,7,T238,41.753391,-87.707394,0
1472,2012,7,T900,41.974689,-87.890615,1
1473,2012,7,T903,41.957799,-87.930995,1
1474,2012,8,T001,41.953705,-87.733974,1
1475,2012,8,T002,41.95469,-87.800991,1
1476,2012,8,T003,41.964242,-87.757639,1
1477,2012,8,T004,41.962728,-87.748367,1
1478,2012,8,T006,41.990284,-87.797127,1
1479,2012,8,T007,41.994991,-87.769279,1
1480,2012,8,T008,42.008314,-87.777921,1
1481,2012,8,T009,41.981964,-87.812827,1
1482,2012,8,T011,41.944869,-87.832763,1
1483,2012,8,T012,41.991429,-87.747113,1
1484,2012,8,T013,41.923738,-87.785288,1
1485,2012,8,T014,41.970248,-87.787992,1
1486,2012,8,T015,41.974089,-87.824812,1
1487,2012,8,T016,42.011601,-87.811506,1
1488,2012,8,T017,41.960616,-87.777189,0
1489,2012,8,T018,42.010412,-87.66214,1
1490,2012,8,T019,41.94983,-87.698457,1
1491,2012,8,T025,41.979243,-87.750938,1
1492,2012,8,T027,41.984809,-87.728492,0
1493,2012,8,T028,41.986921,-87.689778,1
1494,2012,8,T030,41.89923,-87.716788,0
1495,2012,8,T031,41.801498,-87.763416,1
1496,2012,8,T033,41.906638,-87.701431,1
1497,2012,8,T034,41.843811,-87.686763,1
1498,2012,8,T035,41.836644,-87.677737,1
1499,2012,8,T036,41.837085,-87.729384,1
1500,2012,8,T037,41.921177,-87.79518,1
1501,2012,8,T039,41.911824,-87.726737,1
1502,2012,8,T040,41.852652,-87.719887,1
1503,2012,8,T043,41.857402,-87.694991,0
1504,2012,8,T044,41.883284,-87.705085,1
1505,2012,8,T045,41.9216,-87.666455,1
1506,2012,8,T046,41.891118,-87.654491,0
1507,2012,8,T047,41.868142,-87.696269,0
1508,2012,8,T048,41.867108,-87.654224,1
1509,2012,8,T049,41.896282,-87.655232,1
1510,2012,8,T050,41.919343,-87.694259,1
1511,2012,8,T051,41.846283,-87.656913,1
1512,2012,8,T054,41.921965,-87.632085,0
1513,2012,8,T060,41.823065,-87.678378,1
1514,2012,8,T061,41.801179,-87.679447,1
1515,2012,8,T062,41.800737,-87.71188,1
1516,2012,8,T063,41.82561,-87.726549,1
1517,2012,8,T065,41.778297,-87.752411,1
1518,2012,8,T066,41.77166,-87.703047,1
1519,2012,8,T067,41.759346,-87.745602,1
1520,2012,8,T069,41.768388,-87.678649,0
1521,2012,8,T070,41.797616,-87.797894,1
1522,2012,8,T071,41.781416,-87.776532,1
1523,2012,8,T072,41.74785,-87.702716,1
1524,2012,8,T073,41.773215,-87.60088,1
1525,2012,8,T074,41.822536,-87.666343,1
1526,2012,8,T075,41.799282,-87.585487,1
1527,2012,8,T076,41.794781,-87.615989,1
1528,2012,8,T077,41.778748,-87.586427,1
1529,2012,8,T078,41.775051,-87.655356,1
1530,2012,8,T079,41.766202,-87.562889,0
1531,2012,8,T080,41.754676,-87.612922,1
1532,2012,8,T081,41.821582,-87.627796,1
1533,2012,8,T082,41.803423,-87.642984,1
1534,2012,8,T083,41.754292,-87.590773,1
1535,2012,8,T084,41.692555,-87.598865,1
1536,2012,8,T085,41.721474,-87.648064,1
1537,2012,8,T086,41.688324,-87.676709,1
1538,2012,8,T088,41.869107,-87.696293,1
1539,2012,8,T089,41.723195,-87.64997,1
1540,2012,8,T090,41.868077,-87.666901,1
1541,2012,8,T091,41.862292,-87.64886,1
1542,2012,8,T092,41.869216,-87.627561,1
1543,2012,8,T094,41.720848,-87.666014,0
1544,2012,8,T095,41.704336,-87.703736,1
1545,2012,8,T096,41.731922,-87.677512,1
1546,2012,8,T097,41.644612,-87.604498,1
1547,2012,8,T099,41.733643,-87.55551,1
1548,2012,8,T100,41.717753,-87.531657,1
1549,2012,8,T102,41.750498,-87.605294,1
1550,2012,8,T103,41.702724,-87.536497,1
1551,2012,8,T107,41.729669,-87.582699,1
1552,2012,8,T114,41.798697,-87.736812,1
1553,2012,8,T115,41.673408,-87.599862,1
1554,2012,8,T128,41.704572,-87.565666,1
1555,2012,8,T129,41.891126,-87.61156,1
1556,2012,8,T135,41.662014,-87.724608,1
1557,2012,8,T138,41.726465,-87.585413,1
1558,2012,8,T141,41.961743,-87.76007,1
1559,2012,8,T142,41.953067,-87.776792,1
1560,2012,8,T143,41.999129,-87.795585,1
1561,2012,8,T144,41.94016,-87.794896,1
1562,2012,8,T145,41.878114,-87.629798,1
1563,2012,8,T146,41.958271,-87.702575,1
1564,2012,8,T147,41.932094,-87.700117,1
1565,2012,8,T148,42.01743,-87.687769,1
1566,2012,8,T149,41.994469,-87.667736,1
1567,2012,8,T150,42.006858,-87.675919,1
1568,2012,8,T151,41.916265,-87.800515,1
1569,2012,8,T152,41.846075,-87.716277,1
1570,2012,8,T153,41.907645,-87.760886,1
1571,2012,8,T154,41.918705,-87.752329,1
1572,2012,8,T155,41.776156,-87.778927,1
1573,2012,8,T156,41.772846,-87.740029,1
1574,2012,8,T157,41.825902,-87.667827,1
1575,2012,8,T158,41.682587,-87.707973,1
1576,2012,8,T159,41.732984,-87.649642,1
1577,2012,8,T160,41.903002,-87.688267,1
1578,2012,8,T161,41.719059,-87.675088,1
1579,2012,8,T162,41.725517,-87.614258,1
1580,2012,8,T200,41.678618,-87.559308,1
1581,2012,8,T206,41.737052,-87.543067,1
1582,2012,8,T209,41.740641,-87.546587,1
1583,2012,8,T212,41.680946,-87.535198,1
1584,2012,8,T215,41.686398,-87.531635,1
1585,2012,8,T218,41.948167,-87.730698,0
1586,2012,8,T219,41.966987,-87.674677,0
1587,2012,8,T220,41.963976,-87.69181,1
1588,2012,8,T221,41.659112,-87.538693,1
1589,2012,8,T222,41.933652,-87.738416,1
1590,2012,8,T223,41.973845,-87.805059,1
1591,2012,8,T224,41.947227,-87.671457,0
1592,2012,8,T225,41.743402,-87.731435,1
1593,2012,8,T226,41.793818,-87.654234,1
1594,2012,8,T227,41.728495,-87.600963,1
1595,2012,8,T228,41.951866,-87.725057,1
1596,2012,8,T229,41.753411,-87.639817,1
1597,2012,8,T230,41.904194,-87.756155,1
1598,2012,8,T231,41.98728,-87.666066,1
1599,2012,8,T232,41.912563,-87.668055,1
1600,2012,8,T233,42.009876,-87.807277,1
1601,2012,8,T234,41.942114,-87.776385,1
1602,2012,8,T235,41.776428,-87.627096,1
1603,2012,8,T236,41.994679,-87.770899,1
1604,2012,8,T237,41.738903,-87.695443,1
1605,2012,8,T238,41.753391,-87.707394,1
1606,2012,8,T900,41.974689,-87.890615,1
1607,2012,8,T903,41.957799,-87.930995,1
1608,2012,9,T001,41.953705,-87.733974,0
1609,2012,9,T002,41.95469,-87.800991,1
1610,2012,9,T003,41.964242,-87.757639,0
1611,2012,9,T004,41.962728,-87.748367,0
1612,2012,9,T006,41.990284,-87.797127,1
1613,2012,9,T007,41.994991,-87.769279,0
1614,2012,9,T008,42.008314,-87.777921,1
1615,2012,9,T009,41.981964,-87.812827,1
1616,2012,9,T011,41.944869,-87.832763,1
1617,2012,9,T012,41.991429,-87.747113,0
1618,2012,9,T013,41.923738,-87.785288,1
1619,2012,9,T014,41.970248,-87.787992,1
1620,2012,9,T015,41.974089,-87.824812,1
1621,2012,9,T016,42.011601,-87.811506,1
1622,2012,9,T017,41.960616,-87.777189,0
1623,2012,9,T018,42.010412,-87.66214,0
1624,2012,9,T019,41.94983,-87.698457,0
1625,2012,9,T025,41.979243,-87.750938,0
1626,2012,9,T027,41.984809,-87.728492,0
1627,2012,9,T028,41.986921,-87.689778,1
1628,2012,9,T030,41.89923,-87.716788,0
1629,2012,9,T031,41.801498,-87.763416,1
1630,2012,9,T033,41.906638,-87.701431,0
1631,2012,9,T034,41.843811,-87.686763,0
1632,2012,9,T035,41.836644,-87.677737,1
1633,2012,9,T036,41.837085,-87.729384,1
1634,2012,9,T037,41.921177,-87.79518,1
1635,2012,9,T039,41.911824,-87.726737,0
1636,2012,9,T040,41.852652,-87.719887,0
1637,2012,9,T043,41.857402,-87.694991,0
1638,2012,9,T044,41.883284,-87.705085,0
1639,2012,9,T045,41.9216,-87.666455,0
1640,2012,9,T046,41.891118,-87.654491,0
1641,2012,9,T047,41.868142,-87.696269,0
1642,2012,9,T048,41.867108,-87.654224,0
1643,2012,9,T049,41.896282,-87.655232,0
1644,2012,9,T050,41.919343,-87.694259,0
1645,2012,9,T051,41.846283,-87.656913,0
1646,2012,9,T054,41.921965,-87.632085,0
1647,2012,9,T060,41.823065,-87.678378,0
1648,2012,9,T061,41.801179,-87.679447,1
1649,2012,9,T062,41.800737,-87.71188,1
1650,2012,9,T063,41.82561,-87.726549,0
1651,2012,9,T065,41.778297,-87.752411,1
1652,2012,9,T066,41.77166,-87.703047,0
1653,2012,9,T067,41.759346,-87.745602,1
1654,2012,9,T069,41.768388,-87.678649,0
1655,2012,9,T070,41.797616,-87.797894,1
1656,2012,9,T071,41.781416,-87.776532,1
1657,2012,9,T072,41.74785,-87.702716,1
1658,2012,9,T073,41.773215,-87.60088,1
1659,2012,9,T074,41.822536,-87.666343,0
1660,2012,9,T075,41.799282,-87.585487,0
1661,2012,9,T076,41.794781,-87.615989,0
1662,2012,9,T077,41.778748,-87.586427,0
1663,2012,9,T078,41.775051,-87.655356,0
1664,2012,9,T079,41.766202,-87.562889,0
1665,2012,9,T080,41.754676,-87.612922,0
1666,2012,9,T081,41.821582,-87.627796,1
1667,2012,9,T082,41.803423,-87.642984,1
1668,2012,9,T083,41.754292,-87.590773,0
1669,2012,9,T084,41.692555,-87.598865,1
1670,2012,9,T085,41.721474,-87.648064,1
1671,2012,9,T086,41.688324,-87.676709,1
1672,2012,9,T088,41.869107,-87.696293,0
1673,2012,9,T089,41.723195,-87.64997,0
1674,2012,9,T090,41.868077,-87.666901,1
1675,2012,9,T091,41.862292,-87.64886,0
1676,2012,9,T092,41.869216,-87.627561,0
1677,2012,9,T094,41.720848,-87.666014,0
1678,2012,9,T095,41.704336,-87.703736,1
1679,2012,9,T096,41.731922,-87.677512,1
1680,2012,9,T097,41.644612,-87.604498,1
1681,2012,9,T099,41.733643,-87.55551,0
1682,2012,9,T100,41.717753,-87.531657,0
1683,2012,9,T102,41.750498,-87.605294,0
1684,2012,9,T103,41.702724,-87.536497,0
1685,2012,9,T107,41.729669,-87.582699,0
1686,2012,9,T114,41.798697,-87.736812,1
1687,2012,9,T115,41.673408,-87.599862,1
1688,2012,9,T128,41.704572,-87.565666,1
1689,2012,9,T129,41.891126,-87.61156,0
1690,2012,9,T135,41.662014,-87.724608,1
1691,2012,9,T138,41.726465,-87.585413,1
1692,2012,9,T141,41.961743,-87.76007,1
1693,2012,9,T142,41.953067,-87.776792,1
1694,2012,9,T143,41.999129,-87.795585,1
1695,2012,9,T144,41.94016,-87.794896,1
1696,2012,9,T145,41.878114,-87.629798,0
1697,2012,9,T146,41.958271,-87.702575,0
1698,2012,9,T147,41.932094,-87.700117,0
1699,2012,9,T148,42.01743,-87.687769,0
1700,2012,9,T149,41.994469,-87.667736,0
1701,2012,9,T150,42.006858,-87.675919,0
1702,2012,9,T151,41.916265,-87.800515,0
1703,2012,9,T152,41.846075,-87.716277,0
1704,2012,9,T153,41.907645,-87.760886,0
1705,2012,9,T154,41.918705,-87.752329,0
1706,2012,9,T155,41.776156,-87.778927,1
1707,2012,9,T156,41.772846,-87.740029,1
1708,2012,9,T157,41.825902,-87.667827,0
1709,2012,9,T158,41.682587,-87.707973,1
1710,2012,9,T159,41.732984,-87.649642,0
1711,2012,9,T160,41.903002,-87.688267,1
1712,2012,9,T161,41.719059,-87.675088,1
1713,2012,9,T162,41.725517,-87.614258,0
1714,2012,9,T200,41.678618,-87.559308,0
1715,2012,9,T206,41.737052,-87.543067,0
1716,2012,9,T209,41.740641,-87.546587,1
1717,2012,9,T212,41.680946,-87.535198,1
1718,2012,9,T215,41.686398,-87.531635,1
1719,2012,9,T218,41.948167,-87.730698,0
1720,2012,9,T219,41.966987,-87.674677,0
1721,2012,9,T220,41.963976,-87.69181,1
1722,2012,9,T221,41.659112,-87.538693,1
1723,2012,9,T222,41.933652,-87.738416,1
1724,2012,9,T223,41.973845,-87.805059,1
1725,2012,9,T224,41.947227,-87.671457,0
1726,2012,9,T225,41.743402,-87.731435,1
1727,2012,9,T226,41.793818,-87.654234,0
1728,2012,9,T227,41.728495,-87.600963,0
1729,2012,9,T228,41.951866,-87.725057,0
1730,2012,9,T229,41.753411,-87.639817,0
1731,2012,9,T230,41.904194,-87.756155,1
1732,2012,9,T231,41.98728,-87.666066,0
1733,2012,9,T232,41.912563,-87.668055,0
1734,2012,9,T233,42.009876,-87.807277,0
1735,2012,9,T234,41.942114,-87.776385,1
1736,2012,9,T235,41.776428,-87.627096,0
1737,2012,9,T236,41.994679,-87.770899,0
1738,2012,9,T237,41.738903,-87.695443,1
1739,2012,9,T238,41.753391,-87.707394,1
1740,2012,9,T900,41.974689,-87.890615,1
1741,2012,9,T903,41.957799,-87.930995,1
1742,2014,6,T001,41.953705,-87.733974,0
1743,2014,6,T002,41.95469,-87.800991,0
1744,2014,6,T003,41.964242,-87.757639,0
1745,2014,6,T004,41.962728,-87.748367,0
1746,2014,6,T006,41.990284,-87.797127,0
1747,2014,6,T007,41.994991,-87.769279,0
1748,2014,6,T008,42.008314,-87.777921,0
1749,2014,6,T009,41.981964,-87.812827,0
1750,2014,6,T011,41.944869,-87.832763,0
1751,2014,6,T012,41.991429,-87.747113,0
1752,2014,6,T013,41.923738,-87.785288,0
1753,2014,6,T014,41.970248,-87.787992,0
1754,2014,6,T015,41.974089,-87.824812,0
1755,2014,6,T016,42.011601,-87.811506,0
1756,2014,6,T017,41.960616,-87.777189,0
1757,2014,6,T018,42.010412,-87.66214,0
1758,2014,6,T019,41.94983,-87.698457,0
1759,2014,6,T025,41.979243,-87.750938,0
1760,2014,6,T027,41.984809,-87.728492,0
1761,2014,6,T028,41.986921,-87.689778,0
1762,2014,6,T030,41.89923,-87.716788,0
1763,2014,6,T031,41.801498,-87.763416,0
1764,2014,6,T033,41.906638,-87.701431,0
1765,2014,6,T034,41.843811,-87.686763,0
1766,2014,6,T035,41.836644,-87.677737,0
1767,2014,6,T036,41.837085,-87.729384,0
1768,2014,6,T037,41.921177,-87.79518,0
1769,2014,6,T039,41.911824,-87.726737,0
1770,2014,6,T040,41.852652,-87.719887,0
1771,2014,6,T043,41.857402,-87.694991,0
1772,2014,6,T044,41.883284,-87.705085,0
1773,2014,6,T045,41.9216,-87.666455,0
1774,2014,6,T046,41.891118,-87.654491,0
1775,2014,6,T047,41.868142,-87.696269,0
1776,2014,6,T048,41.867108,-87.654224,0
1777,2014,6,T049,41.896282,-87.655232,0
1778,2014,6,T050,41.919343,-87.694259,0
1779,2014,6,T051,41.846283,-87.656913,0
1780,2014,6,T054,41.921965,-87.632085,0
1781,2014,6,T060,41.823065,-87.678378,0
1782,2014,6,T061,41.801179,-87.679447,0
1783,2014,6,T062,41.800737,-87.71188,0
1784,2014,6,T063,41.82561,-87.726549,0
1785,2014,6,T065,41.778297,-87.752411,0
1786,2014,6,T066,41.77166,-87.703047,0
1787,2014,6,T067,41.759346,-87.745602,0
1788,2014,6,T069,41.768388,-87.678649,0
1789,2014,6,T070,41.797616,-87.797894,0
1790,2014,6,T071,41.781416,-87.776532,0
1791,2014,6,T072,41.74785,-87.702716,0
1792,2014,6,T073,41.773215,-87.60088,0
1793,2014,6,T074,41.822536,-87.666343,0
1794,2014,6,T075,41.799282,-87.585487,0
1795,2014,6,T076,41.794781,-87.615989,0
1796,2014,6,T077,41.778748,-87.586427,0
1797,2014,6,T078,41.775051,-87.655356,0
1798,2014,6,T079,41.766202,-87.562889,0
1799,2014,6,T080,41.754676,-87.612922,0
1800,2014,6,T081,41.821582,-87.627796,0
1801,2014,6,T082,41.803423,-87.642984,0
1802,2014,6,T083,41.754292,-87.590773,0
1803,2014,6,T084,41.692555,-87.598865,0
1804,2014,6,T085,41.721474,-87.648064,0
1805,2014,6,T086,41.688324,-87.676709,0
1806,2014,6,T088,41.869107,-87.696293,0
1807,2014,6,T089,41.723195,-87.64997,0
1808,2014,6,T090,41.868077,-87.666901,0
1809,2014,6,T091,41.862292,-87.64886,0
1810,2014,6,T092,41.869216,-87.627561,0
1811,2014,6,T094,41.720848,-87.666014,0
1812,2014,6,T095,41.704336,-87.703736,0
1813,2014,6,T096,41.731922,-87.677512,0
1814,2014,6,T097,41.644612,-87.604498,0
1815,2014,6,T099,41.733643,-87.55551,0
1816,2014,6,T100,41.717753,-87.531657,0
1817,2014,6,T102,41.750498,-87.605294,0
1818,2014,6,T103,41.702724,-87.536497,0
1819,2014,6,T107,41.729669,-87.582699,0
1820,2014,6,T114,41.798697,-87.736812,0
1821,2014,6,T115,41.673408,-87.599862,0
1822,2014,6,T128,41.704572,-87.565666,0
1823,2014,6,T129,41.891126,-87.61156,0
1824,2014,6,T135,41.662014,-87.724608,0
1825,2014,6,T138,41.726465,-87.585413,0
1826,2014,6,T141,41.961743,-87.76007,0
1827,2014,6,T142,41.953067,-87.776792,0
1828,2014,6,T143,41.999129,-87.795585,0
1829,2014,6,T144,41.94016,-87.794896,0
1830,2014,6,T145,41.878114,-87.629798,0
1831,2014,6,T146,41.958271,-87.702575,0
1832,2014,6,T147,41.932094,-87.700117,0
1833,2014,6,T148,42.01743,-87.687769,0
1834,2014,6,T149,41.994469,-87.667736,0
1835,2014,6,T150,42.006858,-87.675919,0
1836,2014,6,T151,41.916265,-87.800515,0
1837,2014,6,T152,41.846075,-87.716277,0
1838,2014,6,T153,41.907645,-87.760886,0
1839,2014,6,T154,41.918705,-87.752329,0
1840,2014,6,T155,41.776156,-87.778927,0
1841,2014,6,T156,41.772846,-87.740029,0
1842,2014,6,T157,41.825902,-87.667827,0
1843,2014,6,T158,41.682587,-87.707973,0
1844,2014,6,T159,41.732984,-87.649642,0
1845,2014,6,T160,41.903002,-87.688267,0
1846,2014,6,T161,41.719059,-87.675088,0
1847,2014,6,T162,41.725517,-87.614258,0
1848,2014,6,T200,41.678618,-87.559308,0
1849,2014,6,T206,41.737052,-87.543067,0
1850,2014,6,T209,41.740641,-87.546587,0
1851,2014,6,T212,41.680946,-87.535198,0
1852,2014,6,T215,41.686398,-87.531635,0
1853,2014,6,T218,41.948167,-87.730698,0
1854,2014,6,T219,41.966987,-87.674677,0
1855,2014,6,T220,41.963976,-87.69181,0
1856,2014,6,T221,41.659112,-87.538693,0
1857,2014,6,T222,41.933652,-87.738416,0
1858,2014,6,T223,41.973845,-87.805059,0
1859,2014,6,T224,41.947227,-87.671457,0
1860,2014,6,T225,41.743402,-87.731435,0
1861,2014,6,T226,41.793818,-87.654234,0
1862,2014,6,T227,41.728495,-87.600963,0
1863,2014,6,T228,41.951866,-87.725057,0
1864,2014,6,T229,41.753411,-87.639817,0
1865,2014,6,T230,41.904194,-87.756155,0
1866,2014,6,T231,41.98728,-87.666066,0
1867,2014,6,T232,41.912563,-87.668055,0
1868,2014,6,T233,42.009876,-87.807277,0
1869,2014,6,T234,41.942114,-87.776385,0
1870,2014,6,T235,41.776428,-87.627096,0
1871,2014,6,T236,41.994679,-87.770899,0
1872,2014,6,T237,41.738903,-87.695443,0
1873,2014,6,T238,41.753391,-87.707394,0
1874,2014,6,T900,41.974689,-87.890615,0
1875,2014,6,T903,41.957799,-87.930995,0
1876,2014,7,T001,41.953705,-87.733974,0
1877,2014,7,T002,41.95469,-87.800991,0
1878,2014,7,T003,41.964242,-87.757639,0
1879,2014,7,T004,41.962728,-87.748367,0
1880,2014,7,T006,41.990284,-87.797127,0
1881,2014,7,T007,41.994991,-87.769279,0
1882,2014,7,T008,42.008314,-87.777921,0
1883,2014,7,T009,41.981964,-87.812827,0
1884,2014,7,T011,41.944869,-87.832763,0
1885,2014,7,T012,41.991429,-87.747113,0
1886,2014,7,T013,41.923738,-87.785288,0
1887,2014,7,T014,41.970248,-87.787992,0
1888,2014,7,T015,41.974089,-87.824812,0
1889,2014,7,T016,42.011601,-87.811506,0
1890,2014,7,T017,41.960616,-87.777189,0
1891,2014,7,T018,42.010412,-87.66214,0
1892,2014,7,T019,41.94983,-87.698457,0
1893,2014,7,T025,41.979243,-87.750938,0
1894,2014,7,T027,41.984809,-87.728492,0
1895,2014,7,T028,41.986921,-87.689778,0
1896,2014,7,T030,41.89923,-87.716788,0
1897,2014,7,T031,41.801498,-87.763416,0
1898,2014,7,T033,41.906638,-87.701431,0
1899,2014,7,T034,41.843811,-87.686763,0
1900,2014,7,T035,41.836644,-87.677737,0
1901,2014,7,T036,41.837085,-87.729384,0
1902,2014,7,T037,41.921177,-87.79518,0
1903,2014,7,T039,41.911824,-87.726737,0
1904,2014,7,T040,41.852652,-87.719887,0
1905,2014,7,T043,41.857402,-87.694991,0
1906,2014,7,T044,41.883284,-87.705085,0
1907,2014,7,T045,41.9216,-87.666455,0
1908,2014,7,T046,41.891118,-87.654491,0
1909,2014,7,T047,41.868142,-87.696269,0
1910,2014,7,T048,41.867108,-87.654224,0
1911,2014,7,T049,41.896282,-87.655232,0
1912,2014,7,T050,41.919343,-87.694259,0
1913,2014,7,T051,41.846283,-87.656913,0
1914,2014,7,T054,41.921965,-87.632085,0
1915,2014,7,T060,41.823065,-87.678378,0
1916,2014,7,T061,41.801179,-87.679447,0
1917,2014,7,T062,41.800737,-87.71188,0
1918,2014,7,T063,41.82561,-87.726549,0
1919,2014,7,T065,41.778297,-87.752411,0
1920,2014,7,T066,41.77166,-87.703047,0
1921,2014,7,T067,41.759346,-87.745602,0
1922,2014,7,T069,41.768388,-87.678649,0
1923,2014,7,T070,41.797616,-87.797894,0
1924,2014,7,T071,41.781416,-87.776532,0
1925,2014,7,T072,41.74785,-87.702716,0
1926,2014,7,T073,41.773215,-87.60088,0
1927,2014,7,T074,41.822536,-87.666343,0
1928,2014,7,T075,41.799282,-87.585487,0
1929,2014,7,T076,41.794781,-87.615989,0
1930,2014,7,T077,41.778748,-87.586427,0
1931,2014,7,T078,41.775051,-87.655356,0
1932,2014,7,T079,41.766202,-87.562889,0
1933,2014,7,T080,41.754676,-87.612922,0
1934,2014,7,T081,41.821582,-87.627796,0
1935,2014,7,T082,41.803423,-87.642984,0
1936,2014,7,T083,41.754292,-87.590773,0
1937,2014,7,T084,41.692555,-87.598865,0
1938,2014,7,T085,41.721474,-87.648064,0
1939,2014,7,T086,41.688324,-87.676709,0
1940,2014,7,T088,41.869107,-87.696293,0
1941,2014,7,T089,41.723195,-87.64997,0
1942,2014,7,T090,41.868077,-87.666901,0
1943,2014,7,T091,41.862292,-87.64886,0
1944,2014,7,T092,41.869216,-87.627561,0
1945,2014,7,T094,41.720848,-87.666014,0
1946,2014,7,T095,41.704336,-87.703736,1
1947,2014,7,T096,41.731922,-87.677512,0
1948,2014,7,T097,41.644612,-87.604498,0
1949,2014,7,T099,41.733643,-87.55551,0
1950,2014,7,T100,41.717753,-87.531657,0
1951,2014,7,T102,41.750498,-87.605294,0
1952,2014,7,T103,41.702724,-87.536497,0
1953,2014,7,T107,41.729669,-87.582699,0
1954,2014,7,T114,41.798697,-87.736812,0
1955,2014,7,T115,41.673408,-87.599862,1
1956,2014,7,T128,41.704572,-87.565666,0
1957,2014,7,T129,41.891126,-87.61156,0
1958,2014,7,T135,41.662014,-87.724608,0
1959,2014,7,T138,41.726465,-87.585413,0
1960,2014,7,T141,41.961743,-87.76007,0
1961,2014,7,T142,41.953067,-87.776792,0
1962,2014,7,T143,41.999129,-87.795585,0
1963,2014,7,T144,41.94016,-87.794896,0
1964,2014,7,T145,41.878114,-87.629798,0
1965,2014,7,T146,41.958271,-87.702575,0
1966,2014,7,T147,41.932094,-87.700117,0
1967,2014,7,T148,42.01743,-87.687769,0
1968,2014,7,T149,41.994469,-87.667736,0
1969,2014,7,T150,42.006858,-87.675919,0
1970,2014,7,T151,41.916265,-87.800515,0
1971,2014,7,T152,41.846075,-87.716277,0
1972,2014,7,T153,41.907645,-87.760886,0
1973,2014,7,T154,41.918705,-87.752329,0
1974,2014,7,T155,41.776156,-87.778927,0
1975,2014,7,T156,41.772846,-87.740029,0
1976,2014,7,T157,41.825902,-87.667827,0
1977,2014,7,T158,41.682587,-87.707973,0
1978,2014,7,T159,41.732984,-87.649642,0
1979,2014,7,T160,41.903002,-87.688267,0
1980,2014,7,T161,41.719059,-87.675088,0
1981,2014,7,T162,41.725517,-87.614258,0
1982,2014,7,T200,41.678618,-87.559308,0
1983,2014,7,T206,41.737052,-87.543067,0
1984,2014,7,T209,41.740641,-87.546587,0
1985,2014,7,T212,41.680946,-87.535198,0
1986,2014,7,T215,41.686398,-87.531635,0
1987,2014,7,T218,41.948167,-87.730698,0
1988,2014,7,T219,41.966987,-87.674677,0
1989,2014,7,T220,41.963976,-87.69181,0
1990,2014,7,T221,41.659112,-87.538693,0
1991,2014,7,T222,41.933652,-87.738416,0
1992,2014,7,T223,41.973845,-87.805059,0
1993,2014,7,T224,41.947227,-87.671457,0
1994,2014,7,T225,41.743402,-87.731435,0
1995,2014,7,T226,41.793818,-87.654234,0
1996,2014,7,T227,41.728495,-87.600963,0
1997,2014,7,T228,41.951866,-87.725057,0
1998,2014,7,T229,41.753411,-87.639817,0
1999,2014,7,T230,41.904194,-87.756155,0
2000,2014,7,T231,41.98728,-87.666066,0
2001,2014,7,T232,41.912563,-87.668055,0
2002,2014,7,T233,42.009876,-87.807277,0
2003,2014,7,T234,41.942114,-87.776385,0
2004,2014,7,T235,41.776428,-87.627096,0
2005,2014,7,T236,41.994679,-87.770899,0
2006,2014,7,T237,41.738903,-87.695443,0
2007,2014,7,T238,41.753391,-87.707394,0
2008,2014,7,T900,41.974689,-87.890615,1
2009,2014,7,T903,41.957799,-87.930995,1
2010,2014,8,T001,41.953705,-87.733974,1
2011,2014,8,T002,41.95469,-87.800991,1
2012,2014,8,T003,41.964242,-87.757639,1
2013,2014,8,T004,41.962728,-87.748367,1
2014,2014,8,T006,41.990284,-87.797127,1
2015,2014,8,T007,41.994991,-87.769279,1
2016,2014,8,T008,42.008314,-87.777921,1
2017,2014,8,T009,41.981964,-87.812827,1
2018,2014,8,T011,41.944869,-87.832763,1
2019,2014,8,T012,41.991429,-87.747113,1
2020,2014,8,T013,41.923738,-87.785288,1
2021,2014,8,T014,41.970248,-87.787992,1
2022,2014,8,T015,41.974089,-87.824812,1
2023,2014,8,T016,42.011601,-87.811506,1
2024,2014,8,T017,41.960616,-87.777189,0
2025,2014,8,T018,42.010412,-87.66214,1
2026,2014,8,T019,41.94983,-87.698457,1
2027,2014,8,T025,41.979243,-87.750938,1
2028,2014,8,T027,41.984809,-87.728492,0
2029,2014,8,T028,41.986921,-87.689778,1
2030,2014,8,T030,41.89923,-87.716788,0
2031,2014,8,T031,41.801498,-87.763416,1
2032,2014,8,T033,41.906638,-87.701431,1
2033,2014,8,T034,41.843811,-87.686763,1
2034,2014,8,T035,41.836644,-87.677737,1
2035,2014,8,T036,41.837085,-87.729384,1
2036,2014,8,T037,41.921177,-87.79518,1
2037,2014,8,T039,41.911824,-87.726737,1
2038,2014,8,T040,41.852652,-87.719887,1
2039,2014,8,T043,41.857402,-87.694991,0
2040,2014,8,T044,41.883284,-87.705085,1
2041,2014,8,T045,41.9216,-87.666455,1
2042,2014,8,T046,41.891118,-87.654491,0
2043,2014,8,T047,41.868142,-87.696269,0
2044,2014,8,T048,41.867108,-87.654224,1
2045,2014,8,T049,41.896282,-87.655232,1
2046,2014,8,T050,41.919343,-87.694259,1
2047,2014,8,T051,41.846283,-87.656913,1
2048,2014,8,T054,41.921965,-87.632085,0
2049,2014,8,T060,41.823065,-87.678378,1
2050,2014,8,T061,41.801179,-87.679447,1
2051,2014,8,T062,41.800737,-87.71188,1
2052,2014,8,T063,41.82561,-87.726549,1
2053,2014,8,T065,41.778297,-87.752411,1
2054,2014,8,T066,41.77166,-87.703047,1
2055,2014,8,T067,41.759346,-87.745602,1
2056,2014,8,T069,41.768388,-87.678649,0
2057,2014,8,T070,41.797616,-87.797894,1
2058,2014,8,T071,41.781416,-87.776532,1
2059,2014,8,T072,41.74785,-87.702716,1
2060,2014,8,T073,41.773215,-87.60088,1
2061,2014,8,T074,41.822536,-87.666343,1
2062,2014,8,T075,41.799282,-87.585487,1
2063,2014,8,T076,41.794781,-87.615989,1
2064,2014,8,T077,41.778748,-87.586427,1
2065,2014,8,T078,41.775051,-87.655356,1
2066,2014,8,T079,41.766202,-87.562889,0
2067,2014,8,T080,41.754676,-87.612922,1
2068,2014,8,T081,41.821582,-87.627796,1
2069,2014,8,T082,41.803423,-87.642984,1
2070,2014,8,T083,41.754292,-87.590773,1
2071,2014,8,T084,41.692555,-87.598865,1
2072,2014,8,T085,41.721474,-87.648064,1
2073,2014,8,T086,41.688324,-87.676709,1
2074,2014,8,T088,41.869107,-87.696293,1
2075,2014,8,T089,41.723195,-87.64997,1
2076,2014,8,T090,41.868077,-87.666901,1
2077,2014,8,T091,41.862292,-87.64886,1
2078,2014,8,T092,41.869216,-87.627561,1
2079,2014,8,T094,41.720848,-87.666014,1
2080,2014,8,T095,41.704336,-87.703736,1
2081,2014,8,T096,41.731922,-87.677512,1
2082,2014,8,T097,41.644612,-87.604498,1
2083,2014,8,T099,41.733643,-87.55551,1
2084,2014,8,T100,41.717753,-87.531657,1
2085,2014,8,T102,41.750498,-87.605294,1
2086,2014,8,T103,41.702724,-87.536497,1
2087,2014,8,T107,41.729669,-87.582699,1
2088,2014,8,T114,41.798697,-87.736812,1
2089,2014,8,T115,41.673408,-87.599862,1
2090,2014,8,T128,41.704572,-87.565666,1
2091,2014,8,T129,41.891126,-87.61156,1
2092,2014,8,T135,41.662014,-87.724608,1
2093,2014,8,T138,41.726465,-87.585413,1
2094,2014,8,T141,41.961743,-87.76007,1
2095,2014,8,T142,41.953067,-87.776792,1
2096,2014,8,T143,41.999129,-87.795585,1
2097,2014,8,T144,41.94016,-87.794896,1
2098,2014,8,T145,41.878114,-87.629798,1
2099,2014,8,T146,41.958271,-87.702575,1
2100,2014,8,T147,41.932094,-87.700117,1
2101,2014,8,T148,42.01743,-87.687769,1
2102,2014,8,T149,41.994469,-87.667736,1
2103,2014,8,T150,42.006858,-87.675919,1
2104,2014,8,T151,41.916265,-87.800515,1
2105,2014,8,T152,41.846075,-87.716277,1
2106,2014,8,T153,41.907645,-87.760886,1
2107,2014,8,T154,41.918705,-87.752329,1
2108,2014,8,T155,41.776156,-87.778927,1
2109,2014,8,T156,41.772846,-87.740029,1
2110,2014,8,T157,41.825902,-87.667827,1
2111,2014,8,T158,41.682587,-87.707973,1
2112,2014,8,T159,41.732984,-87.649642,1
2113,2014,8,T160,41.903002,-87.688267,1
2114,2014,8,T161,41.719059,-87.675088,1
2115,2014,8,T162,41.725517,-87.614258,1
2116,2014,8,T200,41.678618,-87.559308,1
2117,2014,8,T206,41.737052,-87.543067,1
2118,2014,8,T209,41.740641,-87.546587,1
2119,2014,8,T212,41.680946,-87.535198,1
2120,2014,8,T215,41.686398,-87.531635,1
2121,2014,8,T218,41.948167,-87.730698,0
2122,2014,8,T219,41.966987,-87.674677,0
2123,2014,8,T220,41.963976,-87.69181,1
2124,2014,8,T221,41.659112,-87.538693,1
2125,2014,8,T222,41.933652,-87.738416,1
2126,2014,8,T223,41.973845,-87.805059,1
2127,2014,8,T224,41.947227,-87.671457,1
2128,2014,8,T225,41.743402,-87.731435,1
2129,2014,8,T226,41.793818,-87.654234,1
2130,2014,8,T227,41.728495,-87.600963,1
2131,2014,8,T228,41.951866,-87.725057,1
2132,2014,8,T229,41.753411,-87.639817,1
2133,2014,8,T230,41.904194,-87.756155,1
2134,2014,8,T231,41.98728,-87.666066,1
2135,2014,8,T232,41.912563,-87.668055,1
2136,2014,8,T233,42.009876,-87.807277,1
2137,2014,8,T234,41.942114,-87.776385,1
2138,2014,8,T235,41.776428,-87.627096,1
2139,2014,8,T236,41.994679,-87.770899,1
2140,2014,8,T237,41.738903,-87.695443,1
2141,2014,8,T238,41.753391,-87.707394,1
2142,2014,8,T900,41.974689,-87.890615,1
2143,2014,8,T903,41.957799,-87.930995,1
2144,2014,9,T001,41.953705,-87.733974,1
2145,2014,9,T002,41.95469,-87.800991,1
2146,2014,9,T003,41.964242,-87.757639,1
2147,2014,9,T004,41.962728,-87.748367,1
2148,2014,9,T006,41.990284,-87.797127,1
2149,2014,9,T007,41.994991,-87.769279,1
2150,2014,9,T008,42.008314,-87.777921,1
2151,2014,9,T009,41.981964,-87.812827,1
2152,2014,9,T011,41.944869,-87.832763,1
2153,2014,9,T012,41.991429,-87.747113,1
2154,2014,9,T013,41.923738,-87.785288,1
2155,2014,9,T014,41.970248,-87.787992,1
2156,2014,9,T015,41.974089,-87.824812,1
2157,2014,9,T016,42.011601,-87.811506,1
2158,2014,9,T017,41.960616,-87.777189,0
2159,2014,9,T018,42.010412,-87.66214,0
2160,2014,9,T019,41.94983,-87.698457,0
2161,2014,9,T025,41.979243,-87.750938,1
2162,2014,9,T027,41.984809,-87.728492,0
2163,2014,9,T028,41.986921,-87.689778,1
2164,2014,9,T030,41.89923,-87.716788,0
2165,2014,9,T031,41.801498,-87.763416,1
2166,2014,9,T033,41.906638,-87.701431,0
2167,2014,9,T034,41.843811,-87.686763,1
2168,2014,9,T035,41.836644,-87.677737,1
2169,2014,9,T036,41.837085,-87.729384,1
2170,2014,9,T037,41.921177,-87.79518,1
2171,2014,9,T039,41.911824,-87.726737,1
2172,2014,9,T040,41.852652,-87.719887,1
2173,2014,9,T043,41.857402,-87.694991,0
2174,2014,9,T044,41.883284,-87.705085,1
2175,2014,9,T045,41.9216,-87.666455,1
2176,2014,9,T046,41.891118,-87.654491,0
2177,2014,9,T047,41.868142,-87.696269,0
2178,2014,9,T048,41.867108,-87.654224,1
2179,2014,9,T049,41.896282,-87.655232,0
2180,2014,9,T050,41.919343,-87.694259,0
2181,2014,9,T051,41.846283,-87.656913,1
2182,2014,9,T054,41.921965,-87.632085,0
2183,2014,9,T060,41.823065,-87.678378,1
2184,2014,9,T061,41.801179,-87.679447,1
2185,2014,9,T062,41.800737,-87.71188,1
2186,2014,9,T063,41.82561,-87.726549,1
2187,2014,9,T065,41.778297,-87.752411,1
2188,2014,9,T066,41.77166,-87.703047,0
2189,2014,9,T067,41.759346,-87.745602,1
2190,2014,9,T069,41.768388,-87.678649,0
2191,2014,9,T070,41.797616,-87.797894,1
2192,2014,9,T071,41.781416,-87.776532,1
2193,2014,9,T072,41.74785,-87.702716,1
2194,2014,9,T073,41.773215,-87.60088,1
2195,2014,9,T074,41.822536,-87.666343,1
2196,2014,9,T075,41.799282,-87.585487,0
2197,2014,9,T076,41.794781,-87.615989,1
2198,2014,9,T077,41.778748,-87.586427,1
2199,2014,9,T078,41.775051,-87.655356,1
2200,2014,9,T079,41.766202,-87.562889,0
2201,2014,9,T080,41.754676,-87.612922,0
2202,2014,9,T081,41.821582,-87.627796,1
2203,2014,9,T082,41.803423,-87.642984,1
2204,2014,9,T083,41.754292,-87.590773,0
2205,2014,9,T084,41.692555,-87.598865,1
2206,2014,9,T085,41.721474,-87.648064,1
2207,2014,9,T086,41.688324,-87.676709,1
2208,2014,9,T088,41.869107,-87.696293,1
2209,2014,9,T089,41.723195,-87.64997,0
2210,2014,9,T090,41.868077,-87.666901,1
2211,2014,9,T091,41.862292,-87.64886,1
2212,2014,9,T092,41.869216,-87.627561,0
2213,2014,9,T094,41.720848,-87.666014,0
2214,2014,9,T095,41.704336,-87.703736,1
2215,2014,9,T096,41.731922,-87.677512,1
2216,2014,9,T097,41.644612,-87.604498,1
2217,2014,9,T099,41.733643,-87.55551,1
2218,2014,9,T100,41.717753,-87.531657,1
2219,2014,9,T102,41.750498,-87.605294,0
2220,2014,9,T103,41.702724,-87.536497,1
2221,2014,9,T107,41.729669,-87.582699,1
2222,2014,9,T114,41.798697,-87.736812,1
2223,2014,9,T115,41.673408,-87.599862,1
2224,2014,9,T128,41.704572,-87.565666,1
2225,2014,9,T129,41.891126,-87.61156,0
2226,2014,9,T135,41.662014,-87.724608,1
2227,2014,9,T138,41.726465,-87.585413,1
2228,2014,9,T141,41.961743,-87.76007,1
2229,2014,9,T142,41.953067,-87.776792,1
2230,2014,9,T143,41.999129,-87.795585,1
2231,2014,9,T144,41.94016,-87.794896,1
2232,2014,9,T145,41.878114,-87.629798,0
2233,2014,9,T146,41.958271,-87.702575,1
2234,2014,9,T147,41.932094,-87.700117,0
2235,2014,9,T148,42.01743,-87.687769,0
2236,2014,9,T149,41.994469,-87.667736,0
2237,2014,9,T150,42.006858,-87.675919,0
2238,2014,9,T151,41.916265,-87.800515,0
2239,2014,9,T152,41.846075,-87.716277,0
2240,2014,9,T153,41.907645,-87.760886,1
2241,2014,9,T154,41.918705,-87.752329,1
2242,2014,9,T155,41.776156,-87.778927,1
2243,2014,9,T156,41.772846,-87.740029,1
2244,2014,9,T157,41.825902,-87.667827,1
2245,2014,9,T158,41.682587,-87.707973,1
2246,2014,9,T159,41.732984,-87.649642,0
2247,2014,9,T160,41.903002,-87.688267,1
2248,2014,9,T161,41.719059,-87.675088,1
2249,2014,9,T162,41.725517,-87.614258,1
2250,2014,9,T200,41.678618,-87.559308,0
2251,2014,9,T206,41.737052,-87.543067,1
2252,2014,9,T209,41.740641,-87.546587,1
2253,2014,9,T212,41.680946,-87.535198,1
2254,2014,9,T215,41.686398,-87.531635,1
2255,2014,9,T218,41.948167,-87.730698,0
2256,2014,9,T219,41.966987,-87.674677,0
2257,2014,9,T220,41.963976,-87.69181,1
2258,2014,9,T221,41.659112,-87.538693,1
2259,2014,9,T222,41.933652,-87.738416,1
2260,2014,9,T223,41.973845,-87.805059,1
2261,2014,9,T224,41.947227,-87.671457,0
2262,2014,9,T225,41.743402,-87.731435,1
2263,2014,9,T226,41.793818,-87.654234,1
2264,2014,9,T227,41.728495,-87.600963,1
2265,2014,9,T228,41.951866,-87.725057,1
2266,2014,9,T229,41.753411,-87.639817,1
2267,2014,9,T230,41.904194,-87.756155,1
2268,2014,9,T231,41.98728,-87.666066,0
2269,2014,9,T232,41.912563,-87.668055,0
2270,2014,9,T233,42.009876,-87.807277,1
2271,2014,9,T234,41.942114,-87.776385,1
2272,2014,9,T235,41.776428,-87.627096,1
2273,2014,9,T236,41.994679,-87.770899,1
2274,2014,9,T237,41.738903,-87.695443,1
2275,2014,9,T238,41.753391,-87.707394,1
2276,2014,9,T900,41.974689,-87.890615,1
2277,2014,9,T903,41.957799,-87.930995,1
2278,2014,10,T001,41.953705,-87.733974,0
2279,2014,10,T002,41.95469,-87.800991,1
2280,2014,10,T003,41.964242,-87.757639,0
2281,2014,10,T004,41.962728,-87.748367,0
2282,2014,10,T006,41.990284,-87.797127,0
2283,2014,10,T007,41.994991,-87.769279,0
2284,2014,10,T008,42.008314,-87.777921,1
2285,2014,10,T009,41.981964,-87.812827,0
2286,2014,10,T011,41.944869,-87.832763,1
2287,2014,10,T012,41.991429,-87.747113,0
2288,2014,10,T013,41.923738,-87.785288,0
2289,2014,10,T014,41.970248,-87.787992,0
2290,2014,10,T015,41.974089,-87.824812,0
2291,2014,10,T016,42.011601,-87.811506,0
2292,2014,10,T017,41.960616,-87.777189,0
2293,2014,10,T018,42.010412,-87.66214,0
2294,2014,10,T019,41.94983,-87.698457,0
2295,2014,10,T025,41.979243,-87.750938,0
2296,2014,10,T027,41.984809,-87.728492,0
2297,2014,10,T028,41.986921,-87.689778,0
2298,2014,10,T030,41.89923,-87.716788,0
2299,2014,10,T031,41.801498,-87.763416,0
2300,2014,10,T033,41.906638,-87.701431,0
2301,2014,10,T034,41.843811,-87.686763,0
2302,2014,10,T035,41.836644,-87.677737,0
2303,2014,10,T036,41.837085,-87.729384,0
2304,2014,10,T037,41.921177,-87.79518,0
2305,2014,10,T039,41.911824,-87.726737,0
2306,2014,10,T040,41.852652,-87.719887,0
2307,2014,10,T043,41.857402,-87.694991,0
2308,2014,10,T044,41.883284,-87.705085,0
2309,2014,10,T045,41.9216,-87.666455,0
2310,2014,10,T046,41.891118,-87.654491,0
2311,2014,10,T047,41.868142,-87.696269,0
2312,2014,10,T048,41.867108,-87.654224,0
2313,2014,10,T049,41.896282,-87.655232,0
2314,2014,10,T050,41.919343,-87.694259,0
2315,2014,10,T051,41.846283,-87.656913,0
2316,2014,10,T054,41.921965,-87.632085,0
2317,2014,10,T060,41.823065,-87.678378,0
2318,2014,10,T061,41.801179,-87.679447,0
2319,2014,10,T062,41.800737,-87.71188,0
2320,2014,10,T063,41.82561,-87.726549,0
2321,2014,10,T065,41.778297,-87.752411,0
2322,2014,10,T066,41.77166,-87.703047,0
2323,2014,10,T067,41.759346,-87.745602,0
2324,2014,10,T069,41.768388,-87.678649,0
2325,2014,10,T070,41.797616,-87.797894,1
2326,2014,10,T071,41.781416,-87.776532,0
2327,2014,10,T072,41.74785,-87.702716,0
2328,2014,10,T073,41.773215,-87.60088,0
2329,2014,10,T074,41.822536,-87.666343,0
2330,2014,10,T075,41.799282,-87.585487,0
2331,2014,10,T076,41.794781,-87.615989,0
2332,2014,10,T077,41.778748,-87.586427,0
2333,2014,10,T078,41.775051,-87.655356,0
2334,2014,10,T079,41.766202,-87.562889,0
2335,2014,10,T080,41.754676,-87.612922,0
2336,2014,10,T081,41.821582,-87.627796,0
2337,2014,10,T082,41.803423,-87.642984,1
2338,2014,10,T083,41.754292,-87.590773,0
2339,2014,10,T084,41.692555,-87.598865,0
2340,2014,10,T085,41.721474,-87.648064,0
2341,2014,10,T086,41.688324,-87.676709,1
2342,2014,10,T088,41.869107,-87.696293,0
2343,2014,10,T089,41.723195,-87.64997,0
2344,2014,10,T090,41.868077,-87.666901,1
2345,2014,10,T091,41.862292,-87.64886,0
2346,2014,10,T092,41.869216,-87.627561,0
2347,2014,10,T094,41.720848,-87.666014,0
2348,2014,10,T095,41.704336,-87.703736,1
2349,2014,10,T096,41.731922,-87.677512,1
2350,2014,10,T097,41.644612,-87.604498,0
2351,2014,10,T099,41.733643,-87.55551,0
2352,2014,10,T100,41.717753,-87.531657,0
2353,2014,10,T102,41.750498,-87.605294,0
2354,2014,10,T103,41.702724,-87.536497,0
2355,2014,10,T107,41.729669,-87.582699,0
2356,2014,10,T114,41.798697,-87.736812,1
2357,2014,10,T115,41.673408,-87.599862,1
2358,2014,10,T128,41.704572,-87.565666,0
2359,2014,10,T129,41.891126,-87.61156,0
2360,2014,10,T135,41.662014,-87.724608,1
2361,2014,10,T138,41.726465,-87.585413,1
2362,2014,10,T141,41.961743,-87.76007,0
2363,2014,10,T142,41.953067,-87.776792,0
2364,2014,10,T143,41.999129,-87.795585,0
2365,2014,10,T144,41.94016,-87.794896,0
2366,2014,10,T145,41.878114,-87.629798,0
2367,2014,10,T146,41.958271,-87.702575,0
2368,2014,10,T147,41.932094,-87.700117,0
2369,2014,10,T148,42.01743,-87.687769,0
2370,2014,10,T149,41.994469,-87.667736,0
2371,2014,10,T150,42.006858,-87.675919,0
2372,2014,10,T151,41.916265,-87.800515,0
2373,2014,10,T152,41.846075,-87.716277,0
2374,2014,10,T153,41.907645,-87.760886,0
2375,2014,10,T154,41.918705,-87.752329,0
2376,2014,10,T155,41.776156,-87.778927,0
2377,2014,10,T156,41.772846,-87.740029,0
2378,2014,10,T157,41.825902,-87.667827,0
2379,2014,10,T158,41.682587,-87.707973,0
2380,2014,10,T159,41.732984,-87.649642,0
2381,2014,10,T160,41.903002,-87.688267,0
2382,2014,10,T161,41.719059,-87.675088,0
2383,2014,10,T162,41.725517,-87.614258,0
2384,2014,10,T200,41.678618,-87.559308,0
2385,2014,10,T206,41.737052,-87.543067,0
2386,2014,10,T209,41.740641,-87.546587,0
2387,2014,10,T212,41.680946,-87.535198,1
2388,2014,10,T215,41.686398,-87.531635,0
2389,2014,10,T218,41.948167,-87.730698,0
2390,2014,10,T219,41.966987,-87.674677,0
2391,2014,10,T220,41.963976,-87.69181,0
2392,2014,10,T221,41.659112,-87.538693,1
2393,2014,10,T222,41.933652,-87.738416,0
2394,2014,10,T223,41.973845,-87.805059,1
2395,2014,10,T224,41.947227,-87.671457,0
2396,2014,10,T225,41.743402,-87.731435,1
2397,2014,10,T226,41.793818,-87.654234,0
2398,2014,10,T227,41.728495,-87.600963,0
2399,2014,10,T228,41.951866,-87.725057,0
2400,2014,10,T229,41.753411,-87.639817,0
2401,2014,10,T230,41.904194,-87.756155,0
2402,2014,10,T231,41.98728,-87.666066,0
2403,2014,10,T232,41.912563,-87.668055,0
2404,2014,10,T233,42.009876,-87.807277,0
2405,2014,10,T234,41.942114,-87.776385,0
2406,2014,10,T235,41.776428,-87.627096,0
2407,2014,10,T236,41.994679,-87.770899,0
2408,2014,10,T237,41.738903,-87.695443,0
2409,2014,10,T238,41.753391,-87.707394,0
2410,2014,10,T900,41.974689,-87.890615,1
2411,2014,10,T903,41.957799,-87.930995,1
