hub,category,sku,shipped_qty,avg_shipped_qty,current_stock,stock_month,stock_turn,sd_shipped_qty,mode,leg_days,wh_days,leadtime_days,handling_cost,leadtime_days_sd,service_level,holding_cost_per_unit_year,lat,lng,color,safety_stock,eoq,rop,days_to_rop,recommended_mode,rop_date,actual_eoq,expected_pull_next_90d,console_support
CHANGI,B,201-000909,274814,45802.33333,236553,5.164649545,2.32348776,4580.233333,Ocean,48,10,58,18000,5.8,0.9,12,39.0508,-84.6673,0,13812,40606,101092,90.01782566,Ocean,2/4/2023,121818,300340,FALSE
CHANGI,B,201-000909,274814,45802.33333,236553,5.164649545,2.32348776,4580.233333,Air,13,3,16,35000,1.6,0.9,12,39.0508,-84.6673,0,5257,56623,29334,137.7031309,Ocean,19/5/2023,56623,106186,TRUE
CHANGI,B,201-000913,227625,37937.5,141250,3.723228995,3.22300885,3793.75,Ocean,48,10,58,18000,5.8,0.9,12,39.0508,-84.6673,0,11440,36956,83733,46.1455006,Ocean,17/2/2023,110868,153460,FALSE
CHANGI,B,201-000913,227625,37937.5,141250,3.723228995,3.22300885,3793.75,Air,13,3,16,35000,1.6,0.9,12,39.0508,-84.6673,0,4354,51533,24297,93.83060194,Ocean,5/4/2023,51533,31174,TRUE
CHANGI,B,201-001252,184348,30724.66667,138808,4.517803285,2.656158147,3072.466667,Ocean,48,10,58,18000,5.8,0.9,12,39.0508,-84.6673,0,9265,33258,67813,70.3302932,Ocean,13/3/2023,99774,99774,TRUE
CHANGI,B,201-001252,184348,30724.66667,138808,4.517803285,2.656158147,3072.466667,Air,13,3,16,35000,1.6,0.9,12,39.0508,-84.6673,0,3526,46376,19677,118.015609,Ocean,30/4/2023,46376,,
CHANGI,B,201-001286,213592,35598.66667,96762,2.718135511,4.41479093,3559.866667,Ocean,48,10,58,18000,5.8,0.9,12,39.0508,-84.6673,0,10735,35799,78571,15.55337654,Ocean,17/1/2023,107397,107397,FALSE
CHANGI,B,201-001286,213592,35598.66667,96762,2.718135511,4.41479093,3559.866667,Air,13,3,16,35000,1.6,0.9,12,39.0508,-84.6673,0,4086,49919,22799,63.23865588,Ocean,6/3/2023,49919,49919,TRUE
CHANGI,B,201-001289-003,596240,99373.33333,625285,6.292281632,1.907098363,9937.333333,Ocean,48,10,58,18000,5.8,0.9,12,39.0508,-84.6673,0,29966,59812,219329,124.3400252,Ocean,6/5/2023,239248,,
CHANGI,B,201-001289-003,596240,99373.33333,625285,6.292281632,1.907098363,9937.333333,Air,13,3,16,35000,1.6,0.9,12,39.0508,-84.6673,0,11405,83403,63643,172.0249989,Ocean,23/6/2023,83403,,
CHANGI,B,201-001297,213620,35603.33333,91801,2.578438348,4.653979804,3560.333333,Ocean,48,10,58,18000,5.8,0.9,12,39.0508,-84.6673,0,10736,35801,78581,11.30167044,Ocean,13/1/2023,107403,107403,FALSE
CHANGI,B,201-001297,213620,35603.33333,91801,2.578438348,4.653979804,3560.333333,Air,13,3,16,35000,1.6,0.9,12,39.0508,-84.6673,0,4086,49922,22802,58.98668373,Ocean,1/3/2023,49922,49922,TRUE
CHANGI,B,202-001967-002,194256,32376,42308,1.306770447,9.182944124,3237.6,Ocean,48,10,58,18000,5.8,0.9,12,39.0508,-84.6673,0,9763,34140,71458,0,Air,2/1/2023,102420,102420,FALSE
CHANGI,B,202-001967-002,194256,32376,42308,1.306770447,9.182944124,3237.6,Air,13,3,16,35000,1.6,0.9,12,39.0508,-84.6673,0,3716,47606,20735,20.28099212,Air,22/1/2023,47606,47606,FALSE
CHANGI,B,203-000358-001,236700,39450,179618,4.553054499,2.635593315,3945,Ocean,48,10,58,18000,5.8,0.9,12,39.0508,-84.6673,0,11896,37686,87071,71.40311886,Ocean,14/3/2023,113058,113058,TRUE
CHANGI,B,203-000358-001,236700,39450,179618,4.553054499,2.635593315,3945,Air,13,3,16,35000,1.6,0.9,12,39.0508,-84.6673,0,4528,52550,25266,119.0877522,Ocean,1/5/2023,52550,,
CHANGI,B,203-001045-001,240600,40100,28800,0.718204489,16.70833333,4010,Ocean,48,10,58,18000,5.8,0.9,12,39.0508,-84.6673,0,12092,37995,88506,0,Air,2/1/2023,113985,171238,FALSE
CHANGI,B,203-001045-001,240600,40100,28800,0.718204489,16.70833333,4010,Air,13,3,16,35000,1.6,0.9,12,39.0508,-84.6673,0,4602,52981,25682,2.366647531,Air,4/1/2023,52981,63179,FALSE
CHANGI,B,203-001907-001,228206,38034.33333,122258,3.21441154,3.733187194,3803.433333,Ocean,48,10,58,18000,5.8,0.9,12,39.0508,-84.6673,0,11469,37003,83946,30.65920293,Ocean,1/2/2023,111009,111009,TRUE
CHANGI,B,203-001907-001,228206,38034.33333,122258,3.21441154,3.733187194,3803.433333,Air,13,3,16,35000,1.6,0.9,12,39.0508,-84.6673,0,4365,51598,24359,78.34373846,Ocean,21/3/2023,51598,51598,TRUE
CHANGI,B,203-003100-001,445281,74213.5,21799,0.29373362,40.8533419,7421.35,Ocean,48,10,58,18000,5.8,0.9,12,39.0508,-84.6673,0,22379,51688,163798,0,Air,2/1/2023,206752,298894,FALSE
CHANGI,B,203-003100-001,445281,74213.5,21799,0.29373362,40.8533419,7421.35,Air,13,3,16,35000,1.6,0.9,12,39.0508,-84.6673,0,8517,72076,47529,0,Air,2/1/2023,72076,138549,FALSE
CHANGI,B,217-000148-002,513720,85620,480,0.005606167,2140.5,8562,Ocean,48,10,58,18000,5.8,0.9,12,39.0508,-84.6673,0,25819,55519,188974,0,Air,2/1/2023,222076,222076,FALSE
CHANGI,B,217-000148-002,513720,85620,480,0.005606167,2140.5,8562,Air,13,3,16,35000,1.6,0.9,12,39.0508,-84.6673,0,9827,77417,54835,0,Air,2/1/2023,77417,77417,FALSE
CHANGI,B,504-000972-001,750972,125162,883360,7.057733178,1.700262634,12516.2,Ocean,48,10,58,18000,5.8,0.9,12,39.0508,-84.6673,0,37743,67125,276249,147.6377615,Ocean,29/5/2023,335625,101730,TRUE
CHANGI,B,504-000972-001,750972,125162,883360,7.057733178,1.700262634,12516.2,Air,13,3,16,35000,1.6,0.9,12,39.0508,-84.6673,0,14365,93602,80160,195.3228488,Ocean,16/7/2023,93602,49639,TRUE
CHANGI,B,504-001707-001,370400,61733.33333,789500,12.78887689,0.938315389,6173.333333,Ocean,48,10,58,18000,5.8,0.9,12,39.0508,-84.6673,0,18616,47142,136254,322.0763796,Ocean,20/11/2023,141426,,
CHANGI,B,504-001707-001,370400,61733.33333,789500,12.78887689,0.938315389,6173.333333,Air,13,3,16,35000,1.6,0.9,12,39.0508,-84.6673,0,7085,65737,39537,369.7617251,Ocean,6/1/2024,65737,,
CHANGI,B,504-002135-001,312000,52000,0,0,0,5200,Ocean,48,10,58,18000,5.8,0.9,12,39.0508,-84.6673,0,15681,43267,114771,0,Air,2/1/2023,129801,129801,FALSE
CHANGI,B,504-002135-001,312000,52000,0,0,0,5200,Air,13,3,16,35000,1.6,0.9,12,39.0508,-84.6673,0,5968,60332,33303,0,Air,2/1/2023,60332,60332,FALSE
CHANGI,B,504-002822-001,546000,91000,287000,3.153846154,3.804878049,9100,Ocean,48,10,58,18000,5.8,0.9,12,39.0508,-84.6673,0,27441,57236,200848,28.81547719,Ocean,30/1/2023,228944,228944,TRUE
CHANGI,B,504-002822-001,546000,91000,287000,3.153846154,3.804878049,9100,Air,13,3,16,35000,1.6,0.9,12,39.0508,-84.6673,0,10444,79812,58281,76.50022201,Ocean,19/3/2023,79812,79812,TRUE
CHANGI,B,504-002868-001,546000,91000,170000,1.868131868,6.423529412,9100,Ocean,48,10,58,18000,5.8,0.9,12,39.0508,-84.6673,0,27441,57236,200848,0,Air,2/1/2023,228944,228944,FALSE
CHANGI,B,504-002868-001,546000,91000,170000,1.868131868,6.423529412,9100,Air,13,3,16,35000,1.6,0.9,12,39.0508,-84.6673,0,10444,79812,58281,37.3669363,Air,8/2/2023,79812,79812,TRUE
DHOBY,B,201-000909,108729,18121.5,162335,8.958143642,1.339563249,1812.15,Ocean,42,10,52,14000,5.2,0.9,12,53.4264,-6.244733,0,4996,22526,35956,212.2670653,Ocean,2/8/2023,45052,300340,FALSE
DHOBY,B,201-000909,108729,18121.5,162335,8.958143642,1.339563249,1812.15,Air,8,3,11,30000,1.1,0.9,12,53.4264,-6.244733,0,1629,32974,8178,258.9231912,Ocean,17/9/2023,32974,106186,TRUE
DHOBY,B,201-000913,97181,16196.83333,42129,2.601063994,4.613496641,1619.683333,Ocean,42,10,52,14000,5.2,0.9,12,53.4264,-6.244733,0,4465,21296,32136,18.77879057,Ocean,20/1/2023,42592,153460,FALSE
DHOBY,B,201-000913,97181,16196.83333,42129,2.601063994,4.613496641,1619.683333,Air,8,3,11,30000,1.1,0.9,12,53.4264,-6.244733,0,1456,31174,7310,65.43167304,Ocean,8/3/2023,31174,31174,TRUE
DHOBY,B,201-001271,242740,40456.66667,15950,0.394248991,30.43761755,4045.666667,Ocean,42,10,52,14000,5.2,0.9,12,53.4264,-6.244733,0,11153,33657,80271,0,Air,2/1/2023,100971,264753,FALSE
DHOBY,B,201-001271,242740,40456.66667,15950,0.394248991,30.43761755,4045.666667,Air,8,3,11,30000,1.1,0.9,12,53.4264,-6.244733,0,3637,49269,18258,0,Air,2/1/2023,49269,126477,FALSE
DHOBY,B,203-000359-001,95400,15900,6000,0.377358491,31.8,1590,Ocean,42,10,52,14000,5.2,0.9,12,53.4264,-6.244733,0,4383,21100,31547,0,Air,2/1/2023,42200,42200,FALSE
DHOBY,B,203-000359-001,95400,15900,6000,0.377358491,31.8,1590,Air,8,3,11,30000,1.1,0.9,12,53.4264,-6.244733,0,1429,30887,7175,0,Air,2/1/2023,30887,30887,FALSE
DHOBY,B,203-001009-001,95649,15941.5,38900,2.440171878,4.917686375,1594.15,Ocean,42,10,52,14000,5.2,0.9,12,53.4264,-6.244733,0,4395,21127,31630,13.88056268,Ocean,15/1/2023,42254,42254,FALSE
DHOBY,B,203-001009-001,95649,15941.5,38900,2.440171878,4.917686375,1594.15,Air,8,3,11,30000,1.1,0.9,12,53.4264,-6.244733,0,1433,30927,7194,60.53605508,Ocean,3/3/2023,30927,30927,TRUE
DHOBY,B,203-001045-001,134152,22358.66667,98300,4.396505456,2.729440488,2235.866667,Ocean,42,10,52,14000,5.2,0.9,12,53.4264,-6.244733,0,6164,25021,44363,73.42479288,Ocean,16/3/2023,50042,171238,FALSE
DHOBY,B,203-001045-001,134152,22358.66667,98300,4.396505456,2.729440488,2235.866667,Air,8,3,11,30000,1.1,0.9,12,53.4264,-6.244733,0,2010,36627,10090,120.0808532,Ocean,2/5/2023,36627,63179,TRUE
DHOBY,B,203-001907-001,142525,23754.16667,161203,6.786304157,1.76826734,2375.416667,Ocean,42,10,52,14000,5.2,0.9,12,53.4264,-6.244733,0,6548,25790,47131,146.1642293,Ocean,28/5/2023,51580,111009,TRUE
DHOBY,B,203-001907-001,142525,23754.16667,161203,6.786304157,1.76826734,2375.416667,Air,8,3,11,30000,1.1,0.9,12,53.4264,-6.244733,0,2135,37752,10720,192.8188488,Ocean,13/7/2023,37752,51598,TRUE
DHOBY,B,203-003100-001,151360,25226.66667,4153,0.164627378,72.89188538,2522.666667,Ocean,42,10,52,14000,5.2,0.9,12,53.4264,-6.244733,0,6954,26577,50052,0,Air,2/1/2023,53154,298894,FALSE
DHOBY,B,203-003100-001,151360,25226.66667,4153,0.164627378,72.89188538,2522.666667,Air,8,3,11,30000,1.1,0.9,12,53.4264,-6.244733,0,2268,38905,11385,0,Air,2/1/2023,38905,138549,FALSE
DHOBY,B,210-000742,99450,16575,45850,2.766214178,4.338058888,1657.5,Ocean,42,10,52,14000,5.2,0.9,12,53.4264,-6.244733,0,4569,21543,32887,23.80421303,Ocean,25/1/2023,43086,61547,FALSE
DHOBY,B,210-000742,99450,16575,45850,2.766214178,4.338058888,1657.5,Air,8,3,11,30000,1.1,0.9,12,53.4264,-6.244733,0,1490,31536,7480,70.45958914,Ocean,13/3/2023,31536,57643,FALSE
DHOBY,B,217-000165-001,223260,37210,20160,0.541789841,22.14880952,3721,Ocean,42,10,52,14000,5.2,0.9,12,53.4264,-6.244733,0,10258,32278,73829,0,Air,2/1/2023,96834,96834,FALSE
DHOBY,B,217-000165-001,223260,37210,20160,0.541789841,22.14880952,3721,Air,8,3,11,30000,1.1,0.9,12,53.4264,-6.244733,0,3345,47250,16793,2.754135421,Air,4/1/2023,47250,47250,FALSE
DHOBY,B,217-000188-001,250559,41759.83333,220320,5.275883125,2.274500726,4175.983333,Ocean,42,10,52,14000,5.2,0.9,12,53.4264,-6.244733,0,11512,34195,82856,100.1917736,Ocean,12/4/2023,102585,267524,FALSE
DHOBY,B,217-000188-001,250559,41759.83333,220320,5.275883125,2.274500726,4175.983333,Air,8,3,11,30000,1.1,0.9,12,53.4264,-6.244733,0,3754,50056,18846,146.8459917,Ocean,28/5/2023,50056,94585,TRUE
DHOBY,B,217-000197-001,103200,17200,45408,2.64,4.545454545,1720,Ocean,42,10,52,14000,5.2,0.9,12,53.4264,-6.244733,0,4742,21945,34127,19.9627789,Ocean,21/1/2023,43890,43890,TRUE
DHOBY,B,217-000197-001,103200,17200,45408,2.64,4.545454545,1720,Air,8,3,11,30000,1.1,0.9,12,53.4264,-6.244733,0,1546,32125,7762,66.61809895,Ocean,9/3/2023,32125,32125,TRUE
DHOBY,B,503-000024,118404,19734,143534,7.273436708,1.649839063,1973.4,Ocean,42,10,52,14000,5.2,0.9,12,53.4264,-6.244733,0,5440,23506,39154,160.9918952,Ocean,11/6/2023,47012,,
DHOBY,B,503-000024,118404,19734,143534,7.273436708,1.649839063,1973.4,Air,8,3,11,30000,1.1,0.9,12,53.4264,-6.244733,0,1774,34410,8906,207.6453043,Ocean,28/7/2023,34410,,
DHOBY,B,504-000972-001,246400,41066.66667,87040,2.119480519,5.661764706,4106.666667,Ocean,42,10,52,14000,5.2,0.9,12,53.4264,-6.244733,0,11321,33910,81481,4.120112411,Ocean,6/1/2023,101730,101730,FALSE
DHOBY,B,504-000972-001,246400,41066.66667,87040,2.119480519,5.661764706,4106.666667,Air,8,3,11,30000,1.1,0.9,12,53.4264,-6.244733,0,3692,49639,18534,50.77395589,Ocean,21/2/2023,49639,49639,TRUE
DHOBY,B,504-001707-001,126800,21133.33333,633600,29.98107256,0.400252525,2113.333333,Ocean,42,10,52,14000,5.2,0.9,12,53.4264,-6.244733,0,5826,24326,41931,852.1433448,Ocean,3/5/2025,48652,,
DHOBY,B,504-001707-001,126800,21133.33333,633600,29.98107256,0.400252525,2113.333333,Air,8,3,11,30000,1.1,0.9,12,53.4264,-6.244733,0,1900,35609,9538,898.7969287,Ocean,18/6/2025,35609,,
DHOBY,B,504-001708-001,159999,26666.5,950356,35.63857274,0.336713821,2666.65,Ocean,42,10,52,14000,5.2,0.9,12,53.4264,-6.244733,0,7351,27325,52909,1024.34119,Ocean,22/10/2025,54650,,
DHOBY,B,504-001708-001,159999,26666.5,950356,35.63857274,0.336713821,2666.65,Air,8,3,11,30000,1.1,0.9,12,53.4264,-6.244733,0,2397,40000,12034,1070.995695,Ocean,7/12/2025,40000,,
DHOBY,B,504-001785-001,175000,29166.66667,185000,6.342857143,1.891891892,2916.666667,Ocean,42,10,52,14000,5.2,0.9,12,53.4264,-6.244733,0,8041,28577,57871,132.6660128,Ocean,14/5/2023,85731,235968,FALSE
DHOBY,B,504-001785-001,175000,29166.66667,185000,6.342857143,1.891891892,2916.666667,Air,8,3,11,30000,1.1,0.9,12,53.4264,-6.244733,0,2622,41833,13163,179.3212378,Ocean,30/6/2023,41833,83427,TRUE
DHOBY,B,504-001786-001,180000,30000,767000,25.56666667,0.469361147,3000,Ocean,42,10,52,14000,5.2,0.9,12,53.4264,-6.244733,0,8270,28983,59523,717.7825816,Ocean,19/12/2024,86949,473285,TRUE
DHOBY,B,504-001786-001,180000,30000,767000,25.56666667,0.469361147,3000,Air,8,3,11,30000,1.1,0.9,12,53.4264,-6.244733,0,2697,42426,13539,764.4364152,Ocean,4/2/2025,42426,267732,TRUE
DHOBY,B,504-001789-001,200000,33333.33333,64000,1.92,6.25,3333.333333,Ocean,42,10,52,14000,5.2,0.9,12,53.4264,-6.244733,0,9189,30551,66137,0,Air,2/1/2023,91653,91653,FALSE
DHOBY,B,504-001789-001,200000,33333.33333,64000,1.92,6.25,3333.333333,Air,8,3,11,30000,1.1,0.9,12,53.4264,-6.244733,0,2996,44721,15043,44.70312627,Air,15/2/2023,44721,44721,TRUE
DHOBY,B,504-002134-001,224000,37333.33333,64000,1.714285714,7,3733.333333,Ocean,42,10,52,14000,5.2,0.9,12,53.4264,-6.244733,0,10292,32332,74074,0,Air,2/1/2023,96996,96996,FALSE
DHOBY,B,504-002134-001,224000,37333.33333,64000,1.714285714,7,3733.333333,Air,8,3,11,30000,1.1,0.9,12,53.4264,-6.244733,0,3356,47329,16848,38.441931,Air,9/2/2023,47329,47329,TRUE
DHOBY,B,504-002868-001,117000,19500,332000,17.02564103,0.704819277,1950,Ocean,42,10,52,14000,5.2,0.9,12,53.4264,-6.244733,0,5376,23367,38691,457.8177453,Ocean,3/4/2024,46734,228944,TRUE
DHOBY,B,504-002868-001,117000,19500,332000,17.02564103,0.704819277,1950,Air,8,3,11,30000,1.1,0.9,12,53.4264,-6.244733,0,1753,34205,8800,504.4737641,Ocean,20/5/2024,34205,79812,TRUE
DHOBY,B,504-002912-001,160500,26750,76000,2.841121495,4.223684211,2675,Ocean,42,10,52,14000,5.2,0.9,12,53.4264,-6.244733,0,7374,27368,53075,26.08479346,Ocean,28/1/2023,54736,54736,TRUE
DHOBY,B,504-002912-001,160500,26750,76000,2.841121495,4.223684211,2675,Air,8,3,11,30000,1.1,0.9,12,53.4264,-6.244733,0,2405,40062,12073,72.73817193,Ocean,15/3/2023,40062,40062,TRUE
SERANGOON,B,203-000321-001,319320,53220,715680,13.4475761,0.892354125,5322,Ocean,1,1,2,10,0.2,0.9,12,1.3521,105.6,0,1805,1032,5302,406.2716119,Ocean,12/2/2024,6192,,
SERANGOON,B,203-000321-001,319320,53220,715680,13.4475761,0.892354125,5322,Air,1,1,2,10,0.2,0.9,12,1.3521,105.6,0,1805,1032,5302,406.2716119,Ocean,12/2/2024,6192,,
SERANGOON,B,203-001023-001,259056,43176,73919,1.712039096,7.00918573,4317.6,Ocean,1,1,2,10,0.2,0.9,12,1.3521,105.6,0,1464,929,4301,49.07733616,Ocean,20/2/2023,4645,4645,TRUE
SERANGOON,B,203-001023-001,259056,43176,73919,1.712039096,7.00918573,4317.6,Air,1,1,2,10,0.2,0.9,12,1.3521,105.6,0,1464,929,4301,49.07733616,Ocean,20/2/2023,4645,4645,TRUE
SERANGOON,B,203-001028-001,326644,54440.66667,182020,3.343456485,3.589100099,5444.066667,Ocean,1,1,2,10,0.2,0.9,12,1.3521,105.6,0,1846,1043,5423,98.7328631,Ocean,10/4/2023,6258,,
SERANGOON,B,203-001028-001,326644,54440.66667,182020,3.343456485,3.589100099,5444.066667,Air,1,1,2,10,0.2,0.9,12,1.3521,105.6,0,1846,1043,5423,98.7328631,Ocean,10/4/2023,6258,,
SERANGOON,B,203-001029-001,1934586,322431,2575779,7.988620821,1.502136635,32243.1,Ocean,1,1,2,10,0.2,0.9,12,1.3521,105.6,0,10935,2539,32122,240.1173836,Ocean,30/8/2023,33007,,
SERANGOON,B,203-001029-001,1934586,322431,2575779,7.988620821,1.502136635,32243.1,Air,1,1,2,10,0.2,0.9,12,1.3521,105.6,0,10935,2539,32122,240.1173836,Ocean,30/8/2023,33007,,
SERANGOON,B,203-001033-001,265400,44233.33333,117220,2.650037679,4.528237502,4423.333333,Ocean,1,1,2,10,0.2,0.9,12,1.3521,105.6,0,1500,941,4407,77.62673582,Ocean,20/3/2023,4705,4705,TRUE
SERANGOON,B,203-001033-001,265400,44233.33333,117220,2.650037679,4.528237502,4423.333333,Air,1,1,2,10,0.2,0.9,12,1.3521,105.6,0,1500,941,4407,77.62673582,Ocean,20/3/2023,4705,4705,TRUE
SERANGOON,B,203-001034-001,460000,76666.66667,572700,7.47,1.606425703,7666.666667,Ocean,1,1,2,10,0.2,0.9,12,1.3521,105.6,0,2600,1238,7638,224.3320708,Ocean,14/8/2023,8666,,
SERANGOON,B,203-001034-001,460000,76666.66667,572700,7.47,1.606425703,7666.666667,Air,1,1,2,10,0.2,0.9,12,1.3521,105.6,0,2600,1238,7638,224.3320708,Ocean,14/8/2023,8666,,
SERANGOON,B,203-003028-001,621000,103500,2500000,24.15458937,0.4968,10350,Ocean,1,1,2,10,0.2,0.9,12,1.3521,105.6,0,3510,1439,10311,732.1610057,Ocean,3/1/2025,11512,,
SERANGOON,B,203-003028-001,621000,103500,2500000,24.15458937,0.4968,10350,Air,1,1,2,10,0.2,0.9,12,1.3521,105.6,0,3510,1439,10311,732.1610057,Ocean,3/1/2025,11512,,
SERANGOON,B,203-003029-001,841661,140276.8333,572280,4.079647269,2.941430768,14027.68333,Ocean,1,1,2,10,0.2,0.9,12,1.3521,105.6,0,4757,1675,13975,121.1399551,Ocean,3/5/2023,15075,,
SERANGOON,B,203-003029-001,841661,140276.8333,572280,4.079647269,2.941430768,14027.68333,Air,1,1,2,10,0.2,0.9,12,1.3521,105.6,0,4757,1675,13975,121.1399551,Ocean,3/5/2023,15075,,
SERANGOON,B,203-003098-001,514000,85666.66667,7286000,85.05058366,0.141092506,8566.666667,Ocean,1,1,2,10,0.2,0.9,12,1.3521,105.6,0,2905,1309,8534,2585.652521,Ocean,30/1/2030,9163,,
SERANGOON,B,203-003098-001,514000,85666.66667,7286000,85.05058366,0.141092506,8566.666667,Air,1,1,2,10,0.2,0.9,12,1.3521,105.6,0,2905,1309,8534,2585.652521,Ocean,30/1/2030,9163,,
SERANGOON,B,504-001786-001,322780,53796.66667,224000,4.163826755,2.881964286,5379.666667,Ocean,1,1,2,10,0.2,0.9,12,1.3521,105.6,0,1824,1037,5359,123.7023877,Ocean,5/5/2023,6222,473285,FALSE
SERANGOON,B,504-001786-001,322780,53796.66667,224000,4.163826755,2.881964286,5379.666667,Air,1,1,2,10,0.2,0.9,12,1.3521,105.6,0,1824,1037,5359,123.7023877,Ocean,5/5/2023,6222,267732,FALSE
SHENTON,B,210-000742,155490,8520,8520,0.328767123,36.5,852,Ocean,45,10,55,20000,5.5,0.9,12,40.758701,-111.876183,0,2459,18461,17855,0,Air,2/1/2023,18461,61547,FALSE
SHENTON,B,210-000742,155490,8520,8520,0.328767123,36.5,852,Air,13,3,16,40000,1.6,0.9,12,40.758701,-111.876183,0,978,26107,5457,10.94231585,Air,12/1/2023,26107,57643,FALSE
SHENTON,B,504-001658-002,78832,25376,25376,1.931398417,6.213114754,2537.6,Ocean,45,10,55,20000,5.5,0.9,12,40.758701,-111.876183,0,7324,31860,53179,0,Air,2/1/2023,63720,63720,FALSE
SHENTON,B,504-001658-002,78832,25376,25376,1.931398417,6.213114754,2537.6,Air,13,3,16,40000,1.6,0.9,12,40.758701,-111.876183,0,2912,45056,16252,10.94369436,Air,12/1/2023,45056,45056,FALSE
SHENTON,B,216-000785-001,75200,2400,2400,0.191489362,62.66666667,240,Ocean,45,10,55,20000,5.5,0.9,12,40.758701,-111.876183,0,693,9798,5030,0,Air,2/1/2023,9798,9798,FALSE
SHENTON,B,216-000785-001,75200,2400,2400,0.191489362,62.66666667,240,Air,13,3,16,40000,1.6,0.9,12,40.758701,-111.876183,0,275,13856,1537,10.94463792,Air,12/1/2023,13856,13856,FALSE
SHENTON,B,216-000786-001,75800,2400,2400,0.189973615,63.16666667,240,Ocean,45,10,55,20000,5.5,0.9,12,40.758701,-111.876183,0,693,9798,5030,0,Air,2/1/2023,9798,9798,FALSE
SHENTON,B,216-000786-001,75800,2400,2400,0.189973615,63.16666667,240,Air,13,3,16,40000,1.6,0.9,12,40.758701,-111.876183,0,275,13856,1537,10.94463792,Air,12/1/2023,13856,13856,FALSE
SHENTON,B,216-001399-001,74560,2840,2840,0.228540773,52.50704225,284,Ocean,45,10,55,20000,5.5,0.9,12,40.758701,-111.876183,0,820,10658,5952,0,Air,2/1/2023,10658,10658,FALSE
SHENTON,B,216-001399-001,74560,2840,2840,0.228540773,52.50704225,284,Air,13,3,16,40000,1.6,0.9,12,40.758701,-111.876183,0,326,15073,1819,10.94231585,Air,12/1/2023,15073,15073,FALSE
SHENTON,B,216-001400-001,82430,28710,28710,2.089773141,5.742250087,2871,Ocean,45,10,55,20000,5.5,0.9,12,40.758701,-111.876183,0,8287,33888,60166,0,Air,2/1/2023,67776,67776,FALSE
SHENTON,B,216-001400-001,82430,28710,28710,2.089773141,5.742250087,2871,Air,13,3,16,40000,1.6,0.9,12,40.758701,-111.876183,0,3295,47925,18387,10.94396207,Air,12/1/2023,47925,47925,FALSE
SHENTON,B,216-001401-001,80210,28710,28710,2.147612517,5.587600139,2871,Ocean,45,10,55,20000,5.5,0.9,12,40.758701,-111.876183,0,8287,33888,60166,0,Air,2/1/2023,67776,67776,FALSE
SHENTON,B,216-001401-001,80210,28710,28710,2.147612517,5.587600139,2871,Air,13,3,16,40000,1.6,0.9,12,40.758701,-111.876183,0,3295,47925,18387,10.94396207,Air,12/1/2023,47925,47925,FALSE
SHENTON,B,216-001313-001,73400,0,0,0,0,0,Ocean,45,10,55,20000,5.5,0.9,12,40.758701,-111.876183,0,0,0,0,0,Air,2/1/2023,,0,FALSE
SHENTON,B,216-001313-001,73400,0,0,0,0,0,Air,13,3,16,40000,1.6,0.9,12,40.758701,-111.876183,0,0,0,0,0,Air,2/1/2023,,0,FALSE
SHENTON,B,504-001786-001,145000,224000,224000,9.268965517,1.294642857,22400,Ocean,45,10,55,20000,5.5,0.9,12,40.758701,-111.876183,0,64653,94657,469424,0,Air,2/1/2023,473285,473285,FALSE
SHENTON,B,504-001786-001,145000,224000,224000,9.268965517,1.294642857,22400,Air,13,3,16,40000,1.6,0.9,12,40.758701,-111.876183,0,25708,133866,143459,10.94386793,Air,12/1/2023,267732,267732,FALSE
SHENTON,B,501-001783-001,139000,131000,131000,5.654676259,2.122137405,13100,Ocean,45,10,55,20000,5.5,0.9,12,40.758701,-111.876183,0,37810,72388,274528,0,Air,2/1/2023,289552,289552,FALSE
SHENTON,B,501-001783-001,139000,131000,131000,5.654676259,2.122137405,13100,Air,13,3,16,40000,1.6,0.9,12,40.758701,-111.876183,0,15035,102372,83899,10.94361173,Air,12/1/2023,102372,102372,TRUE
SHENTON,B,504-001785-001,81900,87000,87000,6.373626374,1.882758621,8700,Ocean,45,10,55,20000,5.5,0.9,12,40.758701,-111.876183,0,25111,58992,182321,0,Air,2/1/2023,235968,235968,FALSE
SHENTON,B,504-001785-001,81900,87000,87000,6.373626374,1.882758621,8700,Air,13,3,16,40000,1.6,0.9,12,40.758701,-111.876183,0,9985,83427,55719,10.94367583,Air,12/1/2023,83427,83427,TRUE
SHENTON,B,504-002134-001,164000,0,0,0,0,0,Ocean,45,10,55,20000,5.5,0.9,12,40.758701,-111.876183,0,0,0,0,0,Air,2/1/2023,,96996,FALSE
SHENTON,B,504-002134-001,164000,0,0,0,0,0,Air,13,3,16,40000,1.6,0.9,12,40.758701,-111.876183,0,0,0,0,0,Air,2/1/2023,,47329,FALSE
SHENTON,B,202-001193-001,118132,20804,20804,1.056648495,11.35666218,2080.4,Ocean,45,10,55,20000,5.5,0.9,12,40.758701,-111.876183,0,6005,28847,43598,0,Air,2/1/2023,57694,57694,FALSE
SHENTON,B,202-001193-001,118132,20804,20804,1.056648495,11.35666218,2080.4,Air,13,3,16,40000,1.6,0.9,12,40.758701,-111.876183,0,2388,40796,13324,10.94350894,Air,12/1/2023,40796,40796,FALSE
SHENTON,B,201-001271,128300,74513,74513,3.484629774,3.443694389,7451.3,Ocean,45,10,55,20000,5.5,0.9,12,40.758701,-111.876183,0,21507,54594,156153,0,Air,2/1/2023,163782,264753,FALSE
SHENTON,B,201-001271,128300,74513,74513,3.484629774,3.443694389,7451.3,Air,13,3,16,40000,1.6,0.9,12,40.758701,-111.876183,0,8552,77208,47722,10.94356243,Air,12/1/2023,77208,126477,FALSE
SHENTON,B,203-003100-001,209740,9500,9500,0.271765042,44.15578947,950,Ocean,45,10,55,20000,5.5,0.9,12,40.758701,-111.876183,0,2742,19494,19909,0,Air,2/1/2023,38988,298894,FALSE
SHENTON,B,203-003100-001,209740,9500,9500,0.271765042,44.15578947,950,Air,13,3,16,40000,1.6,0.9,12,40.758701,-111.876183,0,1090,27568,6084,10.94450442,Air,12/1/2023,27568,138549,FALSE
SHENTON,B,210-000560-002,96411,4494,4494,0.27967763,42.90654206,449.4,Ocean,45,10,55,20000,5.5,0.9,12,40.758701,-111.876183,0,1297,13407,9418,0,Air,2/1/2023,13407,13407,FALSE
SHENTON,B,210-000560-002,96411,4494,4494,0.27967763,42.90654206,449.4,Air,13,3,16,40000,1.6,0.9,12,40.758701,-111.876183,0,516,18961,2878,10.94485803,Air,12/1/2023,18961,18961,FALSE
SHENTON,B,504-002135-001,130000,0,0,0,0,0,Ocean,45,10,55,20000,5.5,0.9,12,40.758701,-111.876183,0,0,0,0,0,Air,2/1/2023,,129801,FALSE
SHENTON,B,504-002135-001,130000,0,0,0,0,0,Air,13,3,16,40000,1.6,0.9,12,40.758701,-111.876183,0,0,0,0,0,Air,2/1/2023,,60332,FALSE
SHENTON,B,211-000061-001,138348,40752,40752,1.767369243,6.78975265,4075.2,Ocean,45,10,55,20000,5.5,0.9,12,40.758701,-111.876183,0,11762,40374,85401,0,Air,2/1/2023,121122,121122,FALSE
SHENTON,B,211-000061-001,138348,40752,40752,1.767369243,6.78975265,4075.2,Air,13,3,16,40000,1.6,0.9,12,40.758701,-111.876183,0,4677,57098,26099,10.94408522,Air,12/1/2023,57098,57098,FALSE
SHENTON,B,203-001045-001,120800,1300,1300,0.064569536,185.8461538,130,Ocean,45,10,55,20000,5.5,0.9,12,40.758701,-111.876183,0,375,7211,2724,0,Air,2/1/2023,7211,171238,FALSE
SHENTON,B,203-001045-001,120800,1300,1300,0.064569536,185.8461538,130,Air,13,3,16,40000,1.6,0.9,12,40.758701,-111.876183,0,149,10198,832,10.95732,Air,12/1/2023,10198,63179,FALSE
SHENTON,B,203-001043-001,104628,15789,15789,0.905436403,13.2532776,1578.9,Ocean,45,10,55,20000,5.5,0.9,12,40.758701,-111.876183,0,4557,25131,33088,0,Air,2/1/2023,50262,50262,FALSE
SHENTON,B,203-001043-001,104628,15789,15789,0.905436403,13.2532776,1578.9,Air,13,3,16,40000,1.6,0.9,12,40.758701,-111.876183,0,1812,35540,10112,10.94374875,Air,12/1/2023,35540,35540,FALSE
SHENTON,B,217-000188-001,192334,111828,111828,3.488556365,3.439818292,11182.8,Ocean,45,10,55,20000,5.5,0.9,12,40.758701,-111.876183,0,32277,66881,234351,0,Air,2/1/2023,267524,267524,FALSE
SHENTON,B,217-000188-001,192334,111828,111828,3.488556365,3.439818292,11182.8,Air,13,3,16,40000,1.6,0.9,12,40.758701,-111.876183,0,12834,94585,71619,10.94396156,Air,12/1/2023,94585,94585,TRUE
SHENTON,B,504-001788-001,160200,48700,48700,1.823970037,6.579055441,4870,Ocean,45,10,55,20000,5.5,0.9,12,40.758701,-111.876183,0,14056,44136,102057,0,Air,2/1/2023,132408,132408,FALSE
SHENTON,B,504-001788-001,160200,48700,48700,1.823970037,6.579055441,4870,Air,13,3,16,40000,1.6,0.9,12,40.758701,-111.876183,0,5589,62418,31189,10.94419522,Air,12/1/2023,62418,62418,FALSE
SHENTON,B,201-000909,149075,140943,140943,5.67270166,2.115394166,14094.3,Ocean,45,10,55,20000,5.5,0.9,12,40.758701,-111.876183,0,40680,75085,295366,0,Air,2/1/2023,300340,300340,FALSE
SHENTON,B,201-000909,149075,140943,140943,5.67270166,2.115394166,14094.3,Air,13,3,16,40000,1.6,0.9,12,40.758701,-111.876183,0,16176,106186,90266,10.94382728,Air,12/1/2023,106186,106186,TRUE
SHENTON,B,504-001660-002,93478,45836,45836,2.942039838,4.078802688,4583.6,Ocean,45,10,55,20000,5.5,0.9,12,40.758701,-111.876183,0,13230,42819,96056,0,Air,2/1/2023,128457,128457,FALSE
SHENTON,B,504-001660-002,93478,45836,45836,2.942039838,4.078802688,4583.6,Air,13,3,16,40000,1.6,0.9,12,40.758701,-111.876183,0,5261,60555,29356,10.94340169,Air,12/1/2023,60555,60555,FALSE
CONSOLE,B,201-000909,532618,88769.66667,140786,1.585969682,7.566348927,4580.233333,Air,6,1,7,12000,0.7,0.9,12,1.3521,102.1,-165,3843,46157,24259,39.9543271,Ocean,10/2/2023,46157,106186,TRUE
CONSOLE,B,201-000909,532618,88769.66667,140786,1.585969682,7.566348927,4580.233333,Ocean,15,1,16,3000,1.6,0.9,12,1.3521,102.1,-165,7340,23079,54004,29.75547654,Ocean,31/1/2023,69237,300340,FALSE
CONSOLE,B,201-000909,532618,88769.66667,140786,1.585969682,7.566348927,4580.233333,Land,4,1,5,6000,0.5,0.9,12,1.3521,102.1,-165,3025,32638,17608,42.23479626,Ocean,13/2/2023,32638,,
CONSOLE,B,201-000913,324806,54134.33333,16031,0.296133692,40.52223816,3793.75,Air,6,1,7,12000,0.7,0.9,12,1.3521,102.1,-165,2825,36045,15275,0.425060596,Land,2/1/2023,36045,31174,FALSE
CONSOLE,B,201-000913,324806,54134.33333,16031,0.296133692,40.52223816,3793.75,Ocean,15,1,16,3000,1.6,0.9,12,1.3521,102.1,-165,5072,18022,33529,0,Land,2/1/2023,36044,153460,FALSE
CONSOLE,B,201-000913,324806,54134.33333,16031,0.296133692,40.52223816,3793.75,Land,4,1,5,6000,0.5,0.9,12,1.3521,102.1,-165,2276,25487,11169,2.733656903,Land,4/1/2023,25487,,
CONSOLE,B,201-001252,184348,30724.66667,59666,1.941957602,6.179331613,3072.466667,Air,6,1,7,12000,0.7,0.9,12,1.3521,102.1,-165,2094,27155,9160,50.03312611,Ocean,21/2/2023,27155,,
CONSOLE,B,201-001252,184348,30724.66667,59666,1.941957602,6.179331613,3072.466667,Ocean,15,1,16,3000,1.6,0.9,12,1.3521,102.1,-165,3526,13577,19677,39.61459391,Ocean,10/2/2023,27154,99774,FALSE
CONSOLE,B,201-001252,184348,30724.66667,59666,1.941957602,6.179331613,3072.466667,Land,4,1,5,6000,0.5,0.9,12,1.3521,102.1,-165,1722,19201,6769,52.40173983,Ocean,23/2/2023,19201,,
CONSOLE,B,201-001286,213592,35598.66667,17645,0.495664632,24.20991782,3559.866667,Air,6,1,7,12000,0.7,0.9,12,1.3521,102.1,-165,2426,29230,10613,6.012387655,Land,8/1/2023,29230,49919,FALSE
CONSOLE,B,201-001286,213592,35598.66667,17645,0.495664632,24.20991782,3559.866667,Ocean,15,1,16,3000,1.6,0.9,12,1.3521,102.1,-165,4086,14615,22799,0,Land,2/1/2023,29230,107397,FALSE
CONSOLE,B,201-001286,213592,35598.66667,17645,0.495664632,24.20991782,3559.866667,Land,4,1,5,6000,0.5,0.9,12,1.3521,102.1,-165,1995,20668,7843,8.380748549,Land,10/1/2023,20668,,
CONSOLE,B,201-001289-003,596240,99373.33333,40538,0.407936401,29.41635009,9937.333333,Air,6,1,7,12000,0.7,0.9,12,1.3521,102.1,-165,6773,48836,29627,3.341923792,Land,5/1/2023,48836,,
CONSOLE,B,201-001289-003,596240,99373.33333,40538,0.407936401,29.41635009,9937.333333,Ocean,15,1,16,3000,1.6,0.9,12,1.3521,102.1,-165,11405,24418,63643,0,Land,2/1/2023,73254,,
CONSOLE,B,201-001289-003,596240,99373.33333,40538,0.407936401,29.41635009,9937.333333,Land,4,1,5,6000,0.5,0.9,12,1.3521,102.1,-165,5570,34532,21894,5.710459828,Land,7/1/2023,34532,,
CONSOLE,B,201-001297,213620,35603.33333,1400,0.039322161,305.1714286,3560.333333,Air,6,1,7,12000,0.7,0.9,12,1.3521,102.1,-165,2427,29231,10615,0,Land,2/1/2023,29231,49922,FALSE
CONSOLE,B,201-001297,213620,35603.33333,1400,0.039322161,305.1714286,3560.333333,Ocean,15,1,16,3000,1.6,0.9,12,1.3521,102.1,-165,4086,14616,22802,0,Land,2/1/2023,29232,107403,FALSE
CONSOLE,B,201-001297,213620,35603.33333,1400,0.039322161,305.1714286,3560.333333,Land,4,1,5,6000,0.5,0.9,12,1.3521,102.1,-165,1995,20670,7844,0,Land,2/1/2023,20670,,
CONSOLE,B,202-001967-002,194256,32376,28364,0.876081048,13.69736285,3237.6,Air,6,1,7,12000,0.7,0.9,12,1.3521,102.1,-165,2207,27875,9653,17.59039742,Ocean,19/1/2023,27875,47606,FALSE
CONSOLE,B,202-001967-002,194256,32376,28364,0.876081048,13.69736285,3237.6,Ocean,15,1,16,3000,1.6,0.9,12,1.3521,102.1,-165,3716,13938,20735,7.17209887,Ocean,9/1/2023,27876,102420,FALSE
CONSOLE,B,202-001967-002,194256,32376,28364,0.876081048,13.69736285,3237.6,Land,4,1,5,6000,0.5,0.9,12,1.3521,102.1,-165,1815,19711,7134,19.95853441,Ocean,21/1/2023,19711,,
CONSOLE,B,203-000358-001,236700,39450,15020,0.380735108,31.51797603,3945,Air,6,1,7,12000,0.7,0.9,12,1.3521,102.1,-165,2689,30770,11762,2.513656426,Land,4/1/2023,30770,,
CONSOLE,B,203-000358-001,236700,39450,15020,0.380735108,31.51797603,3945,Ocean,15,1,16,3000,1.6,0.9,12,1.3521,102.1,-165,4528,15385,25266,0,Land,2/1/2023,30770,113058,FALSE
CONSOLE,B,203-000358-001,236700,39450,15020,0.380735108,31.51797603,3945,Land,4,1,5,6000,0.5,0.9,12,1.3521,102.1,-165,2211,21758,8692,4.882264537,Land,6/1/2023,21758,,
CONSOLE,B,203-001045-001,495552,82592,1300,0.015740023,762.3876923,4010,Air,6,1,7,12000,0.7,0.9,12,1.3521,102.1,-165,3464,44522,22459,0,Land,2/1/2023,44522,63179,FALSE
CONSOLE,B,203-001045-001,495552,82592,1300,0.015740023,762.3876923,4010,Ocean,15,1,16,3000,1.6,0.9,12,1.3521,102.1,-165,6696,22261,50113,0,Land,2/1/2023,66783,171238,FALSE
CONSOLE,B,203-001045-001,495552,82592,1300,0.015740023,762.3876923,4010,Land,4,1,5,6000,0.5,0.9,12,1.3521,102.1,-165,2713,31482,16281,0,Land,2/1/2023,31482,,
CONSOLE,B,203-001907-001,370731,61788.5,197968,3.203961902,3.745362887,3803.433333,Air,6,1,7,12000,0.7,0.9,12,1.3521,102.1,-165,2963,38509,17173,89.05957282,Ocean,1/4/2023,38509,51598,TRUE
CONSOLE,B,203-001907-001,370731,61788.5,197968,3.203961902,3.745362887,3803.433333,Ocean,15,1,16,3000,1.6,0.9,12,1.3521,102.1,-165,5460,19254,37941,78.82926109,Ocean,21/3/2023,38508,111009,TRUE
CONSOLE,B,203-001907-001,370731,61788.5,197968,3.203961902,3.745362887,3803.433333,Land,4,1,5,6000,0.5,0.9,12,1.3521,102.1,-165,2365,27230,12515,91.35410248,Ocean,3/4/2023,27230,,
CONSOLE,B,203-003100-001,806381,134396.8333,9500,0.070686189,169.7644211,7421.35,Air,6,1,7,12000,0.7,0.9,12,1.3521,102.1,-165,6041,56794,36950,0,Land,2/1/2023,56794,138549,FALSE
CONSOLE,B,203-003100-001,806381,134396.8333,9500,0.070686189,169.7644211,7421.35,Ocean,15,1,16,3000,1.6,0.9,12,1.3521,102.1,-165,11381,28397,82030,0,Land,2/1/2023,85191,298894,FALSE
CONSOLE,B,203-003100-001,806381,134396.8333,9500,0.070686189,169.7644211,7421.35,Land,4,1,5,6000,0.5,0.9,12,1.3521,102.1,-165,4782,40159,26860,0,Land,2/1/2023,40159,,
CONSOLE,B,217-000148-002,513720,85620,0,0,inf,8562,Air,6,1,7,12000,0.7,0.9,12,1.3521,102.1,-165,5836,45331,25527,0,Land,2/1/2023,45331,77417,FALSE
CONSOLE,B,217-000148-002,513720,85620,0,0,inf,8562,Ocean,15,1,16,3000,1.6,0.9,12,1.3521,102.1,-165,9827,22665,54835,0,Land,2/1/2023,67995,222076,FALSE
CONSOLE,B,217-000148-002,513720,85620,0,0,inf,8562,Land,4,1,5,6000,0.5,0.9,12,1.3521,102.1,-165,4799,32054,18864,0,Land,2/1/2023,32054,,
CONSOLE,B,504-000972-001,997372,166228.6667,392000,2.358197343,5.088632653,12516.2,Air,6,1,7,12000,0.7,0.9,12,1.3521,102.1,-165,9120,63162,47350,63.10651622,Ocean,6/3/2023,63162,49639,TRUE
CONSOLE,B,504-000972-001,997372,166228.6667,392000,2.358197343,5.088632653,12516.2,Ocean,15,1,16,3000,1.6,0.9,12,1.3521,102.1,-165,16145,31581,103527,52.82032803,Ocean,23/2/2023,126324,101730,TRUE
CONSOLE,B,504-000972-001,997372,166228.6667,392000,2.358197343,5.088632653,12516.2,Land,4,1,5,6000,0.5,0.9,12,1.3521,102.1,-165,7383,44663,34690,65.42460268,Ocean,8/3/2023,44663,,
CONSOLE,B,504-001707-001,497200,82866.66667,342400,4.131938858,2.904205607,6173.333333,Air,6,1,7,12000,0.7,0.9,12,1.3521,102.1,-165,4512,44596,23570,117.1065412,Ocean,29/4/2023,44596,,
CONSOLE,B,504-001707-001,497200,82866.66667,342400,4.131938858,2.904205607,6173.333333,Ocean,15,1,16,3000,1.6,0.9,12,1.3521,102.1,-165,8004,22298,51565,106.8239529,Ocean,18/4/2023,66894,,
CONSOLE,B,504-001707-001,497200,82866.66667,342400,4.131938858,2.904205607,6173.333333,Land,4,1,5,6000,0.5,0.9,12,1.3521,102.1,-165,3650,31534,17263,119.4231078,Ocean,1/5/2023,31534,,
CONSOLE,B,504-002135-001,442000,73666.66667,0,0,inf,5200,Air,6,1,7,12000,0.7,0.9,12,1.3521,102.1,-165,3864,42048,20806,0,Land,2/1/2023,42048,60332,FALSE
CONSOLE,B,504-002135-001,442000,73666.66667,0,0,inf,5200,Ocean,15,1,16,3000,1.6,0.9,12,1.3521,102.1,-165,6926,21024,45651,0,Land,2/1/2023,63072,129801,FALSE
CONSOLE,B,504-002135-001,442000,73666.66667,0,0,inf,5200,Land,4,1,5,6000,0.5,0.9,12,1.3521,102.1,-165,3115,29732,15216,0,Land,2/1/2023,29732,,
CONSOLE,B,504-002822-001,546000,91000,0,0,inf,9100,Air,6,1,7,12000,0.7,0.9,12,1.3521,102.1,-165,6203,46733,27131,0,Land,2/1/2023,46733,79812,FALSE
CONSOLE,B,504-002822-001,546000,91000,0,0,inf,9100,Ocean,15,1,16,3000,1.6,0.9,12,1.3521,102.1,-165,10444,23367,58281,0,Land,2/1/2023,70101,228944,FALSE
CONSOLE,B,504-002822-001,546000,91000,0,0,inf,9100,Land,4,1,5,6000,0.5,0.9,12,1.3521,102.1,-165,5100,33045,20049,0,Land,2/1/2023,33045,,
CONSOLE,B,504-002868-001,663000,110500,0,0,inf,9100,Air,6,1,7,12000,0.7,0.9,12,1.3521,102.1,-165,6472,51498,31885,0,Land,2/1/2023,51498,79812,FALSE
CONSOLE,B,504-002868-001,663000,110500,0,0,inf,9100,Ocean,15,1,16,3000,1.6,0.9,12,1.3521,102.1,-165,11265,25749,69352,0,Land,2/1/2023,77247,228944,FALSE
CONSOLE,B,504-002868-001,663000,110500,0,0,inf,9100,Land,4,1,5,6000,0.5,0.9,12,1.3521,102.1,-165,5268,36414,23420,0,Land,2/1/2023,36414,,
CONSOLE,B,201-001271,371040,61840,74325,1.201891979,9.984258325,4045.666667,Air,6,1,7,12000,0.7,0.9,12,1.3521,102.1,-165,3083,38525,17305,28.06464651,Ocean,30/1/2023,38525,126477,FALSE
CONSOLE,B,201-001271,371040,61840,74325,1.201891979,9.984258325,4045.666667,Ocean,15,1,16,3000,1.6,0.9,12,1.3521,102.1,-165,5611,19262,38119,17.82021381,Ocean,19/1/2023,38524,264753,FALSE
CONSOLE,B,201-001271,371040,61840,74325,1.201891979,9.984258325,4045.666667,Land,4,1,5,6000,0.5,0.9,12,1.3521,102.1,-165,2472,27241,12631,30.36514033,Ocean,1/2/2023,27241,,
CONSOLE,B,203-000359-001,95400,15900,0,0,inf,1590,Air,6,1,7,12000,0.7,0.9,12,1.3521,102.1,-165,1084,19535,4741,0,Land,2/1/2023,19535,30887,FALSE
CONSOLE,B,203-000359-001,95400,15900,0,0,inf,1590,Ocean,15,1,16,3000,1.6,0.9,12,1.3521,102.1,-165,1825,9767,10183,0,Land,2/1/2023,19534,42200,FALSE
CONSOLE,B,203-000359-001,95400,15900,0,0,inf,1590,Land,4,1,5,6000,0.5,0.9,12,1.3521,102.1,-165,891,13813,3503,0,Land,2/1/2023,13813,,
CONSOLE,B,203-001009-001,95649,15941.5,0,0,inf,1594.15,Air,6,1,7,12000,0.7,0.9,12,1.3521,102.1,-165,1087,19560,4753,0,Land,2/1/2023,19560,30927,FALSE
CONSOLE,B,203-001009-001,95649,15941.5,0,0,inf,1594.15,Ocean,15,1,16,3000,1.6,0.9,12,1.3521,102.1,-165,1830,9780,10210,0,Land,2/1/2023,19560,42254,FALSE
CONSOLE,B,203-001009-001,95649,15941.5,0,0,inf,1594.15,Land,4,1,5,6000,0.5,0.9,12,1.3521,102.1,-165,893,13831,3512,0,Land,2/1/2023,13831,,
CONSOLE,B,210-000742,254940,42490,8280,0.194869381,61.57971014,1657.5,Air,6,1,7,12000,0.7,0.9,12,1.3521,102.1,-165,1614,31934,11386,0,Land,2/1/2023,31934,57643,FALSE
CONSOLE,B,210-000742,254940,42490,8280,0.194869381,61.57971014,1657.5,Ocean,15,1,16,3000,1.6,0.9,12,1.3521,102.1,-165,3250,15967,25586,0,Land,2/1/2023,31934,61547,FALSE
CONSOLE,B,210-000742,254940,42490,8280,0.194869381,61.57971014,1657.5,Land,4,1,5,6000,0.5,0.9,12,1.3521,102.1,-165,1242,22581,8222,0.041547329,Land,2/1/2023,22581,,
CONSOLE,B,217-000165-001,223260,37210,0,0,inf,3721,Air,6,1,7,12000,0.7,0.9,12,1.3521,102.1,-165,2536,29884,11094,0,Land,2/1/2023,29884,47250,FALSE
CONSOLE,B,217-000165-001,223260,37210,0,0,inf,3721,Ocean,15,1,16,3000,1.6,0.9,12,1.3521,102.1,-165,4271,14942,23831,0,Land,2/1/2023,29884,96834,FALSE
CONSOLE,B,217-000165-001,223260,37210,0,0,inf,3721,Land,4,1,5,6000,0.5,0.9,12,1.3521,102.1,-165,2085,21131,8198,0,Land,2/1/2023,21131,,
CONSOLE,B,217-000188-001,442893,73815.5,111828,1.514966369,7.920967915,4175.983333,Air,6,1,7,12000,0.7,0.9,12,1.3521,102.1,-165,3365,42090,20341,37.72364638,Ocean,8/2/2023,42090,94585,TRUE
CONSOLE,B,217-000188-001,442893,73815.5,111828,1.514966369,7.920967915,4175.983333,Ocean,15,1,16,3000,1.6,0.9,12,1.3521,102.1,-165,6308,21045,45111,27.51001252,Ocean,29/1/2023,63135,267524,FALSE
CONSOLE,B,217-000188-001,442893,73815.5,111828,1.514966369,7.920967915,4175.983333,Land,4,1,5,6000,0.5,0.9,12,1.3521,102.1,-165,2668,29762,14794,40.0108901,Ocean,11/2/2023,29762,,
CONSOLE,B,217-000197-001,103200,17200,36288,2.109767442,5.687830688,1720,Air,6,1,7,12000,0.7,0.9,12,1.3521,102.1,-165,1172,20317,5128,55.1405186,Ocean,26/2/2023,20317,32125,TRUE
CONSOLE,B,217-000197-001,103200,17200,36288,2.109767442,5.687830688,1720,Ocean,15,1,16,3000,1.6,0.9,12,1.3521,102.1,-165,1974,10159,11016,44.72115488,Ocean,15/2/2023,20318,43890,FALSE
CONSOLE,B,217-000197-001,103200,17200,36288,2.109767442,5.687830688,1720,Land,4,1,5,6000,0.5,0.9,12,1.3521,102.1,-165,964,14367,3790,57.50823407,Ocean,28/2/2023,14367,,
CONSOLE,B,503-000024,118404,19734,0,0,inf,1973.4,Air,6,1,7,12000,0.7,0.9,12,1.3521,102.1,-165,1345,21763,5883,0,Land,2/1/2023,21763,,
CONSOLE,B,503-000024,118404,19734,0,0,inf,1973.4,Ocean,15,1,16,3000,1.6,0.9,12,1.3521,102.1,-165,2265,10881,12639,0,Land,2/1/2023,21762,,
CONSOLE,B,503-000024,118404,19734,0,0,inf,1973.4,Land,4,1,5,6000,0.5,0.9,12,1.3521,102.1,-165,1106,15389,4348,0,Land,2/1/2023,15389,,
CONSOLE,B,504-001708-001,159999,26666.5,532000,19.95012469,0.6015,2666.65,Air,6,1,7,12000,0.7,0.9,12,1.3521,102.1,-165,1818,25298,7951,598.1467164,Ocean,22/8/2024,25298,,
CONSOLE,B,504-001708-001,159999,26666.5,532000,19.95012469,0.6015,2666.65,Ocean,15,1,16,3000,1.6,0.9,12,1.3521,102.1,-165,3060,12649,17078,587.7292076,Ocean,11/8/2024,25298,,
CONSOLE,B,504-001708-001,159999,26666.5,532000,19.95012469,0.6015,2666.65,Land,4,1,5,6000,0.5,0.9,12,1.3521,102.1,-165,1495,17888,5876,600.5151103,Ocean,24/8/2024,17888,,
CONSOLE,B,504-001785-001,256900,42816.66667,37000,0.864149475,13.88648649,2916.666667,Air,6,1,7,12000,0.7,0.9,12,1.3521,102.1,-165,2192,32056,12039,17.7439772,Ocean,19/1/2023,32056,83427,FALSE
CONSOLE,B,504-001785-001,256900,42816.66667,37000,0.864149475,13.88648649,2916.666667,Ocean,15,1,16,3000,1.6,0.9,12,1.3521,102.1,-165,3958,16028,26466,7.488283955,Ocean,9/1/2023,32056,235968,FALSE
CONSOLE,B,504-001785-001,256900,42816.66667,37000,0.864149475,13.88648649,2916.666667,Land,4,1,5,6000,0.5,0.9,12,1.3521,102.1,-165,1763,22667,8797,20.04861139,Ocean,22/1/2023,22667,,
CONSOLE,B,504-001786-001,647780,107963.3333,224000,2.074778474,5.78375,3000,Air,6,1,7,12000,0.7,0.9,12,1.3521,102.1,-165,3678,50903,28508,55.11306311,Ocean,26/2/2023,50903,267732,FALSE
CONSOLE,B,504-001786-001,647780,107963.3333,224000,2.074778474,5.78375,3000,Ocean,15,1,16,3000,1.6,0.9,12,1.3521,102.1,-165,7789,25452,64543,44.95408357,Ocean,15/2/2023,76356,473285,FALSE
CONSOLE,B,504-001786-001,647780,107963.3333,224000,2.074778474,5.78375,3000,Land,4,1,5,6000,0.5,0.9,12,1.3521,102.1,-165,2756,35994,20492,57.37293213,Ocean,28/2/2023,35994,,
CONSOLE,B,504-001789-001,200000,33333.33333,60000,1.8,6.666666667,3333.333333,Air,6,1,7,12000,0.7,0.9,12,1.3521,102.1,-165,2272,28284,9938,45.71211282,Ocean,16/2/2023,28284,44721,TRUE
CONSOLE,B,504-001789-001,200000,33333.33333,60000,1.8,6.666666667,3333.333333,Ocean,15,1,16,3000,1.6,0.9,12,1.3521,102.1,-165,3826,14142,21349,35.29261461,Ocean,6/2/2023,28284,91653,FALSE
CONSOLE,B,504-001789-001,200000,33333.33333,60000,1.8,6.666666667,3333.333333,Land,4,1,5,6000,0.5,0.9,12,1.3521,102.1,-165,1868,20000,7344,48.08072016,Ocean,19/2/2023,20000,,
CONSOLE,B,504-002134-001,388000,64666.66667,0,0,inf,3733.333333,Air,6,1,7,12000,0.7,0.9,12,1.3521,102.1,-165,2983,39395,17855,0,Land,2/1/2023,39395,47329,FALSE
CONSOLE,B,504-002134-001,388000,64666.66667,0,0,inf,3733.333333,Ocean,15,1,16,3000,1.6,0.9,12,1.3521,102.1,-165,5569,19698,39563,0,Land,2/1/2023,59094,96996,FALSE
CONSOLE,B,504-002134-001,388000,64666.66667,0,0,inf,3733.333333,Land,4,1,5,6000,0.5,0.9,12,1.3521,102.1,-165,2369,27857,12992,0,Land,2/1/2023,27857,,
CONSOLE,B,504-002912-001,160500,26750,27000,1.009345794,11.88888889,2675,Air,6,1,7,12000,0.7,0.9,12,1.3521,102.1,-165,1823,25338,7975,21.64724953,Ocean,23/1/2023,25338,40062,FALSE
CONSOLE,B,504-002912-001,160500,26750,27000,1.009345794,11.88888889,2675,Ocean,15,1,16,3000,1.6,0.9,12,1.3521,102.1,-165,3070,12669,17132,11.22812396,Ocean,13/1/2023,25338,54736,FALSE
CONSOLE,B,504-002912-001,160500,26750,27000,1.009345794,11.88888889,2675,Land,4,1,5,6000,0.5,0.9,12,1.3521,102.1,-165,1499,17916,5893,24.01621529,Ocean,26/1/2023,17916,,
CONSOLE,B,203-000321-001,319320,53220,555680,10.44118752,1.149294558,5322,Air,6,1,7,12000,0.7,0.9,12,1.3521,102.1,-165,3628,35739,15868,308.7233717,Ocean,6/11/2023,35739,,
CONSOLE,B,203-000321-001,319320,53220,555680,10.44118752,1.149294558,5322,Ocean,15,1,16,3000,1.6,0.9,12,1.3521,102.1,-165,6108,17870,34084,298.3054764,Ocean,27/10/2023,35740,,
CONSOLE,B,203-000321-001,319320,53220,555680,10.44118752,1.149294558,5322,Land,4,1,5,6000,0.5,0.9,12,1.3521,102.1,-165,2983,25271,11726,311.0922191,Ocean,9/11/2023,25271,,
CONSOLE,B,203-001023-001,259056,43176,73919,1.712039096,7.00918573,4317.6,Air,6,1,7,12000,0.7,0.9,12,1.3521,102.1,-165,2943,32190,12873,43.03448911,Ocean,14/2/2023,32190,4645,TRUE
CONSOLE,B,203-001023-001,259056,43176,73919,1.712039096,7.00918573,4317.6,Ocean,15,1,16,3000,1.6,0.9,12,1.3521,102.1,-165,4955,16095,27652,32.61600609,Ocean,3/2/2023,32190,4645,TRUE
CONSOLE,B,203-001023-001,259056,43176,73919,1.712039096,7.00918573,4317.6,Land,4,1,5,6000,0.5,0.9,12,1.3521,102.1,-165,2420,22762,9513,45.40312725,Ocean,16/2/2023,22762,,
CONSOLE,B,203-001028-001,326644,54440.66667,21810,0.400619635,29.95359927,5444.066667,Air,6,1,7,12000,0.7,0.9,12,1.3521,102.1,-165,3711,36147,16231,3.119139302,Land,5/1/2023,36147,,
CONSOLE,B,203-001028-001,326644,54440.66667,21810,0.400619635,29.95359927,5444.066667,Ocean,15,1,16,3000,1.6,0.9,12,1.3521,102.1,-165,6248,18073,34866,0,Land,2/1/2023,36146,,
CONSOLE,B,203-001028-001,326644,54440.66667,21810,0.400619635,29.95359927,5444.066667,Land,4,1,5,6000,0.5,0.9,12,1.3521,102.1,-165,3051,25559,11994,5.48798555,Land,7/1/2023,25559,,
CONSOLE,B,203-001029-001,1934586,322431,2303779,7.145029479,1.679489222,32243.1,Air,6,1,7,12000,0.7,0.9,12,1.3521,102.1,-165,21977,87968,96131,208.3986409,Ocean,29/7/2023,175936,,
CONSOLE,B,203-001029-001,1934586,322431,2303779,7.145029479,1.679489222,32243.1,Ocean,15,1,16,3000,1.6,0.9,12,1.3521,102.1,-165,37005,43984,206499,197.9800682,Ocean,18/7/2023,219920,,
CONSOLE,B,203-001029-001,1934586,322431,2303779,7.145029479,1.679489222,32243.1,Land,4,1,5,6000,0.5,0.9,12,1.3521,102.1,-165,18071,62203,71038,210.7673822,Ocean,31/7/2023,124406,,
CONSOLE,B,203-001033-001,265400,44233.33333,115220,2.604822909,4.60683909,4423.333333,Air,6,1,7,12000,0.7,0.9,12,1.3521,102.1,-165,3015,32582,13188,70.20831916,Ocean,13/3/2023,32582,4705,TRUE
CONSOLE,B,203-001033-001,265400,44233.33333,115220,2.604822909,4.60683909,4423.333333,Ocean,15,1,16,3000,1.6,0.9,12,1.3521,102.1,-165,5077,16291,28329,59.78978222,Ocean,2/3/2023,32582,4705,TRUE
CONSOLE,B,203-001033-001,265400,44233.33333,115220,2.604822909,4.60683909,4423.333333,Land,4,1,5,6000,0.5,0.9,12,1.3521,102.1,-165,2479,23039,9745,72.57745083,Ocean,15/3/2023,23039,,
CONSOLE,B,203-001034-001,460000,76666.66667,172700,2.252608696,5.32715692,7666.666667,Air,6,1,7,12000,0.7,0.9,12,1.3521,102.1,-165,5226,42895,22858,59.48792549,Ocean,2/3/2023,42895,,
CONSOLE,B,203-001034-001,460000,76666.66667,172700,2.252608696,5.32715692,7666.666667,Ocean,15,1,16,3000,1.6,0.9,12,1.3521,102.1,-165,8799,21448,49101,49.06934039,Ocean,20/2/2023,64344,,
CONSOLE,B,203-001034-001,460000,76666.66667,172700,2.252608696,5.32715692,7666.666667,Land,4,1,5,6000,0.5,0.9,12,1.3521,102.1,-165,4297,30332,16891,61.85685043,Ocean,4/3/2023,30332,,
CONSOLE,B,203-003028-001,621000,103500,2500000,24.15458937,0.4968,10350,Air,6,1,7,12000,0.7,0.9,12,1.3521,102.1,-165,7055,49840,30858,726.1185996,Ocean,28/12/2024,49840,,
CONSOLE,B,203-003028-001,621000,103500,2500000,24.15458937,0.4968,10350,Ocean,15,1,16,3000,1.6,0.9,12,1.3521,102.1,-165,11879,24920,66286,715.7000292,Ocean,17/12/2024,74760,,
CONSOLE,B,203-003028-001,621000,103500,2500000,24.15458937,0.4968,10350,Land,4,1,5,6000,0.5,0.9,12,1.3521,102.1,-165,5801,35242,22803,728.4873922,Ocean,30/12/2024,35242,,
CONSOLE,B,203-003029-001,841661,140276.8333,533080,3.800199843,3.157728671,14027.68333,Air,6,1,7,12000,0.7,0.9,12,1.3521,102.1,-165,9561,58023,41822,106.5922248,Ocean,18/4/2023,58023,,
CONSOLE,B,203-003029-001,841661,140276.8333,533080,3.800199843,3.157728671,14027.68333,Ocean,15,1,16,3000,1.6,0.9,12,1.3521,102.1,-165,16099,29011,89839,96.17358759,Ocean,8/4/2023,116044,,
CONSOLE,B,203-003029-001,841661,140276.8333,533080,3.800199843,3.157728671,14027.68333,Land,4,1,5,6000,0.5,0.9,12,1.3521,102.1,-165,7862,41028,30906,108.9607576,Ocean,20/4/2023,41028,,
CONSOLE,B,203-003098-001,514000,85666.66667,7286000,85.05058366,0.141092506,8566.666667,Air,6,1,7,12000,0.7,0.9,12,1.3521,102.1,-165,5839,45343,25541,2579.610007,Ocean,24/1/2030,45343,,
CONSOLE,B,203-003098-001,514000,85666.66667,7286000,85.05058366,0.141092506,8566.666667,Ocean,15,1,16,3000,1.6,0.9,12,1.3521,102.1,-165,9832,22672,54865,2569.191315,Ocean,14/1/2030,68016,,
CONSOLE,B,203-003098-001,514000,85666.66667,7286000,85.05058366,0.141092506,8566.666667,Land,4,1,5,6000,0.5,0.9,12,1.3521,102.1,-165,4801,32062,18874,2581.978763,Ocean,26/1/2030,32062,,
CONSOLE,B,504-001658-002,78832,13138.66667,25376,1.931398417,6.213114754,2537.6,Air,6,1,7,12000,0.7,0.9,12,1.3521,102.1,-165,1607,17757,4629,48.06244462,Ocean,19/2/2023,17757,45056,FALSE
CONSOLE,B,504-001658-002,78832,13138.66667,25376,1.931398417,6.213114754,2537.6,Ocean,15,1,16,3000,1.6,0.9,12,1.3521,102.1,-165,2519,8879,9426,36.94972727,Ocean,7/2/2023,17758,63720,FALSE
CONSOLE,B,504-001658-002,78832,13138.66667,25376,1.931398417,6.213114754,2537.6,Land,4,1,5,6000,0.5,0.9,12,1.3521,102.1,-165,1347,12556,3505,50.66630001,Ocean,21/2/2023,12556,,
CONSOLE,B,216-000785-001,75200,12533.33333,2400,0.191489362,62.66666667,240,Air,6,1,7,12000,0.7,0.9,12,1.3521,102.1,-165,398,17344,3280,0,Land,2/1/2023,17344,13856,FALSE
CONSOLE,B,216-000785-001,75200,12533.33333,2400,0.191489362,62.66666667,240,Ocean,15,1,16,3000,1.6,0.9,12,1.3521,102.1,-165,873,8672,7461,0,Land,2/1/2023,8672,9798,FALSE
CONSOLE,B,216-000785-001,75200,12533.33333,2400,0.191489362,62.66666667,240,Land,4,1,5,6000,0.5,0.9,12,1.3521,102.1,-165,292,12264,2351,0.118995718,Land,2/1/2023,12264,,
CONSOLE,B,216-000786-001,75800,12633.33333,2400,0.189973615,63.16666667,240,Air,6,1,7,12000,0.7,0.9,12,1.3521,102.1,-165,401,17413,3306,0,Land,2/1/2023,17413,13856,FALSE
CONSOLE,B,216-000786-001,75800,12633.33333,2400,0.189973615,63.16666667,240,Ocean,15,1,16,3000,1.6,0.9,12,1.3521,102.1,-165,880,8706,7521,0,Land,2/1/2023,8706,9798,FALSE
CONSOLE,B,216-000786-001,75800,12633.33333,2400,0.189973615,63.16666667,240,Land,4,1,5,6000,0.5,0.9,12,1.3521,102.1,-165,294,12313,2369,0.074687098,Land,2/1/2023,12313,,
CONSOLE,B,216-001399-001,74560,12426.66667,2840,0.228540773,52.50704225,284,Air,6,1,7,12000,0.7,0.9,12,1.3521,102.1,-165,406,17270,3264,0,Land,2/1/2023,17270,15073,FALSE
CONSOLE,B,216-001399-001,74560,12426.66667,2840,0.228540773,52.50704225,284,Ocean,15,1,16,3000,1.6,0.9,12,1.3521,102.1,-165,878,8635,7410,0,Land,2/1/2023,8635,10658,FALSE
CONSOLE,B,216-001399-001,74560,12426.66667,2840,0.228540773,52.50704225,284,Land,4,1,5,6000,0.5,0.9,12,1.3521,102.1,-165,300,12211,2341,1.22221537,Land,3/1/2023,12211,,
CONSOLE,B,216-001400-001,82430,13738.33333,28710,2.089773141,5.742250087,2871,Air,6,1,7,12000,0.7,0.9,12,1.3521,102.1,-165,1810,18158,4970,52.59549048,Ocean,23/2/2023,18158,47925,FALSE
CONSOLE,B,216-001400-001,82430,13738.33333,28710,2.089773141,5.742250087,2871,Ocean,15,1,16,3000,1.6,0.9,12,1.3521,102.1,-165,2824,9079,10046,41.34971501,Ocean,12/2/2023,18158,67776,FALSE
CONSOLE,B,216-001400-001,82430,13738.33333,28710,2.089773141,5.742250087,2871,Land,4,1,5,6000,0.5,0.9,12,1.3521,102.1,-165,1519,12840,3776,55.24077336,Ocean,26/2/2023,12840,,
CONSOLE,B,216-001401-001,80210,13368.33333,28530,2.134147862,5.622853137,2871,Air,6,1,7,12000,0.7,0.9,12,1.3521,102.1,-165,1808,17912,4882,53.84172866,Ocean,24/2/2023,17912,47925,FALSE
CONSOLE,B,216-001401-001,80210,13368.33333,28530,2.134147862,5.622853137,2871,Ocean,15,1,16,3000,1.6,0.9,12,1.3521,102.1,-165,2816,8956,9843,42.54653178,Ocean,13/2/2023,17912,67776,FALSE
CONSOLE,B,216-001401-001,80210,13368.33333,28530,2.134147862,5.622853137,2871,Land,4,1,5,6000,0.5,0.9,12,1.3521,102.1,-165,1518,12666,3714,56.5010292,Ocean,27/2/2023,12666,,
CONSOLE,B,216-001313-001,73400,12233.33333,0,0,inf,0,Air,6,1,7,12000,0.7,0.9,12,1.3521,102.1,-165,361,17135,3174,0,Land,2/1/2023,17135,0,FALSE
CONSOLE,B,216-001313-001,73400,12233.33333,0,0,inf,0,Ocean,15,1,16,3000,1.6,0.9,12,1.3521,102.1,-165,824,8567,7255,0,Land,2/1/2023,8567,0,FALSE
CONSOLE,B,216-001313-001,73400,12233.33333,0,0,inf,0,Land,4,1,5,6000,0.5,0.9,12,1.3521,102.1,-165,258,12116,2268,0,Land,2/1/2023,12116,,
CONSOLE,B,501-001783-001,139000,23166.66667,131000,5.654676259,2.122137405,13100,Air,6,1,7,12000,0.7,0.9,12,1.3521,102.1,-165,8080,23580,13408,154.4955843,Ocean,5/6/2023,23580,102372,TRUE
CONSOLE,B,501-001783-001,139000,23166.66667,131000,5.654676259,2.122137405,13100,Ocean,15,1,16,3000,1.6,0.9,12,1.3521,102.1,-165,12272,11790,24450,139.9883029,Ocean,21/5/2023,35370,289552,FALSE
CONSOLE,B,501-001783-001,139000,23166.66667,131000,5.654676259,2.122137405,13100,Land,4,1,5,6000,0.5,0.9,12,1.3521,102.1,-165,6822,16673,10628,158.1480243,Ocean,9/6/2023,16673,,
CONSOLE,B,202-001193-001,118132,19688.66667,20720,1.052382081,11.4027027,2080.4,Air,6,1,7,12000,0.7,0.9,12,1.3521,102.1,-165,1404,21738,5932,22.86098717,Ocean,24/1/2023,21738,40796,FALSE
CONSOLE,B,202-001193-001,118132,19688.66667,20720,1.052382081,11.4027027,2080.4,Ocean,15,1,16,3000,1.6,0.9,12,1.3521,102.1,-165,2344,10869,12694,12.4075117,Ocean,14/1/2023,21738,57694,FALSE
CONSOLE,B,202-001193-001,118132,19688.66667,20720,1.052382081,11.4027027,2080.4,Land,4,1,5,6000,0.5,0.9,12,1.3521,102.1,-165,1157,15371,4391,25.24324178,Ocean,27/1/2023,15371,,
CONSOLE,B,210-000560-002,96411,16068.5,4494,0.27967763,42.90654206,449.4,Air,6,1,7,12000,0.7,0.9,12,1.3521,102.1,-165,548,19638,4243,0.475444939,Land,2/1/2023,19638,18961,FALSE
CONSOLE,B,210-000560-002,96411,16068.5,4494,0.27967763,42.90654206,449.4,Ocean,15,1,16,3000,1.6,0.9,12,1.3521,102.1,-165,1160,9819,9607,0,Land,2/1/2023,9819,13407,FALSE
CONSOLE,B,210-000560-002,96411,16068.5,4494,0.27967763,42.90654206,449.4,Land,4,1,5,6000,0.5,0.9,12,1.3521,102.1,-165,411,13886,3051,2.733334848,Land,4/1/2023,13886,,
CONSOLE,B,211-000061-001,138348,23058,24624,1.067915691,11.23684211,4075.2,Air,6,1,7,12000,0.7,0.9,12,1.3521,102.1,-165,2595,23524,7898,22.07863917,Ocean,24/1/2023,23524,57098,FALSE
CONSOLE,B,211-000061-001,138348,23058,24624,1.067915691,11.23684211,4075.2,Ocean,15,1,16,3000,1.6,0.9,12,1.3521,102.1,-165,4093,11762,16214,11.10136048,Ocean,13/1/2023,23524,121122,FALSE
CONSOLE,B,211-000061-001,138348,23058,24624,1.067915691,11.23684211,4075.2,Land,4,1,5,6000,0.5,0.9,12,1.3521,102.1,-165,2172,16634,5960,24.63683615,Ocean,26/1/2023,16634,,
CONSOLE,B,203-001043-001,104628,17438,15789,0.905436403,13.2532776,1578.9,Air,6,1,7,12000,0.7,0.9,12,1.3521,102.1,-165,1098,20458,5108,18.64305522,Ocean,20/1/2023,20458,35540,FALSE
CONSOLE,B,203-001043-001,104628,17438,15789,0.905436403,13.2532776,1578.9,Ocean,15,1,16,3000,1.6,0.9,12,1.3521,102.1,-165,1879,10229,11046,8.27862662,Ocean,10/1/2023,20458,50262,FALSE
CONSOLE,B,203-001043-001,104628,17438,15789,0.905436403,13.2532776,1578.9,Land,4,1,5,6000,0.5,0.9,12,1.3521,102.1,-165,899,14466,3764,20.98892792,Ocean,22/1/2023,14466,,
CONSOLE,B,504-001788-001,160200,26700,48700,1.823970037,6.579055441,4870,Air,6,1,7,12000,0.7,0.9,12,1.3521,102.1,-165,3095,25314,9236,44.98748195,Ocean,15/2/2023,25314,62418,FALSE
CONSOLE,B,504-001788-001,160200,26700,48700,1.823970037,6.579055441,4870,Ocean,15,1,16,3000,1.6,0.9,12,1.3521,102.1,-165,4869,12657,18905,33.96518408,Ocean,4/2/2023,25314,132408,FALSE
CONSOLE,B,504-001788-001,160200,26700,48700,1.823970037,6.579055441,4870,Land,4,1,5,6000,0.5,0.9,12,1.3521,102.1,-165,2591,17900,6977,47.56265734,Ocean,18/2/2023,17900,,
CONSOLE,B,504-001660-002,93478,15579.66667,45836,2.942039838,4.078802688,4583.6,Air,6,1,7,12000,0.7,0.9,12,1.3521,102.1,-165,2854,19337,6437,76.97131066,Ocean,19/3/2023,19337,60555,FALSE
CONSOLE,B,504-001660-002,93478,15579.66667,45836,2.942039838,4.078802688,4583.6,Ocean,15,1,16,3000,1.6,0.9,12,1.3521,102.1,-165,4386,9668,12576,64.97793834,Ocean,7/3/2023,19336,128457,FALSE
CONSOLE,B,504-001660-002,93478,15579.66667,45836,2.942039838,4.078802688,4583.6,Land,4,1,5,6000,0.5,0.9,12,1.3521,102.1,-165,2403,13673,4962,79.85292398,Ocean,22/3/2023,13673,,
